fd_id,firmzone,ground_elv,sqft,st_damcat,val_struct,cbfips,x,y
480921385,AE,11.434043852176666,648.0,RES,68851.0927,481677248002011,-94.7963025,29.2899125
481089604,AE,6.648040249567032,2059.0,RES,171435.564,481677253001036,-94.82779043,29.283631303
481086901,AE,7.074465346002579,672.0,RES,70450.1747,481677243003017,-94.7850655,29.308367
481115381,AE,5.2937256824970245,951.16,RES,42559.6772,481677218004014,-94.93114337,29.484748731
481017979,AE,12.554166130495071,1056.0,RES,93771.2996,481677209001025,-95.05140788,29.462521482
481124536,AE,8.929855527305604,1530.0,RES,116995.887,481677243005015,-94.7766795,29.307309
480910881,VE,5.767320191092491,1872.0,RES,241408.772,481677239002025,-94.66279807,29.43708751
480954159,AE,3.848927428917885,2913.0,RES,286205.504,481677236003093,-94.9693415,29.291144
481140565,AE,12.138078763856887,2049.0,RES,167661.844,481677213003023,-95.08409893,29.52133867
480923955,AE,4.996719326257706,3960.0,RES,357246.236,481677257002005,-94.84631767,29.263405744
481138770,AE,11.193394393367766,2688.0,RES,179651.907,481677218001039,-94.91817318,29.485086483
480921330,AE,9.130578477182388,1629.0,RES,148182.761,481677253002049,-94.82027392,29.287098771
480909763,VE,5.999903858375549,1501.18,RES,204508.677,481677239002025,-94.63505984,29.455360974
481106687,AE,25.274119222221373,2296.14,RES,311566.431,481677234001003,-95.101514,29.382945
481031292,AE,5.182603691520691,1164.0,RES,166486.899,481677261002140,-95.06896677,29.12606589
480998510,VE,4.000103429579735,1322.0,RES,177782.98,481677261002024,-95.05446382,29.144079373
481152731,AE,23.041554434890745,2136.0,RES,238131.255,481677202002016,-95.20050424,29.537610093
480964511,VE,6.644581302747726,2318.0,RES,249870.63,481677261002046,-95.0159825,29.156009
480932871,AE,4.996719326257706,856.0,RES,141852.959,481677260002032,-94.90551555,29.239361192
480953792,AE,6.824420724315643,1500.0,RES,55783.494,481677218003023,-94.9457714,29.482090163
480935221,AE,14.695955856895447,1536.0,RES,135760.645,481677218001023,-94.91404572,29.489892197
480920396,AE,9.197468657712937,3114.06,RES,502994.774,481677247002000,-94.793564,29.29544
481001176,AE,2.740075278544426,1609.0,RES,204786.685,481677261002066,-95.05505089,29.139490212
480953100,AE,9.657914553337097,1355.0,RES,184233.19,481677261001063,-94.93752918,29.205566958
480920555,AE,10.659064548892974,1187.0,RES,116925.905,481677248001044,-94.7958362,29.2911729
481168034,AE,10.640299253959656,323.0,RES,39280.5468,481677236002062,-94.99804682,29.340203232
480948632,VE,4.996719326257706,4417.0,RES,384149.67,481677261001014,-94.94758967,29.218534117
480951705,AE,10.816971494235993,1196.0,RES,100649.651,481677228002032,-94.96055664,29.36036798
481134721,VE,9.699891243095397,1500.0,RES,204418.044,481677239002036,-94.60815016,29.465130895
481112439,AE,8.82781346728325,936.0,RES,87503.0397,481677254003007,-94.8245795,29.2842545
480943880,VE,4.846208989038467,1724.0,RES,207472.868,481677238003041,-94.93151502,29.325899499
481013373,AE,9.336744848794938,1517.0,RES,134718.625,481677213004001,-95.07590764,29.538334313
481160395,VE,5.404565294504166,624.0,RES,78921.0639,481677237001059,-94.96289281,29.333761783
481119504,AE,14.537958174819947,1766.0,RES,129523.473,481677211002028,-95.038187,29.4729355
480977432,AE,12.558452658891678,3408.18,RES,291463.6,481677211003002,-95.02306081,29.46837954
481123296,AE,9.838442322530746,1293.0,RES,122759.757,481677244001004,-94.78315919,29.298302379
481005511,AE,4.278434054298401,1246.0,RES,172448.108,481677215004027,-95.03255075,29.550142458
480916063,AE,8.909104193029403,1892.8,RES,271249.23,481677244003022,-94.78575485,29.298998846
480947142,AE,4.400816786661148,1080.0,RES,160155.843,481677238003024,-94.94210938,29.329846822
480958054,VE,4.351757938489914,3868.0,RES,351569.377,481677261001082,-94.94996401,29.207091849
480936794,AE,10.321743705968856,881.983,RES,38026.0759,481677218004036,-94.9210265,29.4787705
480956212,AE,14.417697586898804,1599.0,RES,196872.928,481677217006003,-94.9817685,29.4982475
481089753,AE,4.896957026638985,2080.0,RES,172620.664,481677258003004,-94.8397743,29.285547112
480982746,AE,12.808867267427445,1335.0,RES,207529.476,481677212021022,-95.03434973,29.505905022
481087192,AE,9.082012423334122,3656.0,RES,251003.689,481677244001010,-94.789209,29.296198
481164080,AE,1.853760048971176,2372.0,RES,256591.955,481677261001167,-94.97995897,29.188695864
481147791,AE,8.932003484783172,3210.0,RES,517290.292,481677247001041,-94.79791163,29.295899904
480947155,AE,4.863248721628189,1440.0,RES,191253.035,481677238003024,-94.94187331,29.33052303
481085581,AE,4.983595744109154,3104.92,RES,219578.63,481677239004107,-94.60410199,29.481222355
481124627,AE,9.294803358631134,1252.0,RES,108610.509,481677244003008,-94.784721,29.299797
481123033,VE,4.927821595520973,686.0,RES,125219.233,481677239003017,-94.7689475,29.3832755
480935276,AE,14.35017537809372,4666.5,RES,192184.086,481677218001024,-94.91475326,29.491228316
481170175,AE,8.178432574872971,4570.0,RES,260830.624,481677243004037,-94.78748368,29.302996812
480955726,VE,4.996719326257706,975.0,RES,151627.554,481677261001128,-94.97481319,29.18041589
481119498,AE,12.61412511976242,1208.0,RES,101249.956,481677211002028,-95.03819165,29.473389695
480914396,AE,1.6626741614079474,1116.0,RES,112852.027,481677239004139,-94.70276,29.4297685
480961293,AE,3.723164753270149,1600.0,RES,196937.088,481677261001163,-94.983929,29.1938435
481097703,AE,10.964915389909745,699.0,RES,72167.9496,481677237002005,-95.013306,29.352679
481159890,AE,7.120309297876358,1104.0,RES,107244.626,481677252002002,-94.82425338,29.290453866
481123618,AE,9.575799374866486,2368.0,RES,166642.267,481677247002054,-94.80314668,29.291556304
481089641,AE,6.664406496582031,1275.0,RES,104661.983,481677252002008,-94.8303165,29.2892715
481114924,AE,5.570566973261833,1326.0,RES,113221.947,481677218004031,-94.92528,29.475831
480912457,AE,5.038582986207008,710.0,RES,127475.49,481677239004114,-94.6386225,29.463915
481129876,AE,4.606179825305938,1904.0,RES,226384.253,481677260002046,-94.91777,29.2230585
480937898,AE,9.148190007629394,1210.23,RES,47982.4617,481677218002037,-94.92372593,29.486458808
480969650,VE,4.996719326257706,1063.0,RES,158766.991,481677261001173,-94.97153579,29.183062575
481092433,AE,12.019521054096222,2250.0,RES,177442.38,481677218001030,-94.91777444,29.493719706
480975288,AE,9.572094030885696,2715.0,RES,200231.426,481677210001047,-95.02297805,29.461217245
480964437,VE,6.939187828855514,724.0,RES,128943.202,481677261002046,-94.98531333,29.174888555
480942308,AE,6.146035366039276,990.0,RES,91314.502,481677218002026,-94.9421785,29.4896485
481155642,AE,8.760274832000732,1328.0,RES,124541.127,481677253002029,-94.81599461,29.288245718
481004427,AE,9.33950684364319,948.0,RES,149692.47,481677215001007,-95.0593618,29.550897175
481085775,AE,5.040229153909683,1359.76,RES,180211.949,481677239004126,-94.665859,29.44594
481006936,VE,3.672808213381767,2881.0,RES,284080.706,481677261002031,-95.069913,29.1319885
481123301,AE,9.971524167194366,1136.0,RES,114037.187,481677244001004,-94.78280909,29.298214444
480951822,AE,5.397219921345711,1290.0,RES,175609.361,481677218003029,-94.934546,29.484252
480937861,AE,7.977024406223297,3336.0,RES,209914.64,481677218002015,-94.9327855,29.495579
480979736,AE,10.539653444519043,1040.0,RES,92902.4179,481677237001036,-94.9964575,29.344789441
480923015,AE,4.996719326257706,2702.0,RES,219511.112,481677258003048,-94.83861631,29.280156026
481068323,AE,24.61639055042267,1560.0,RES,194313.225,481677234004000,-95.161358,29.4239675
480912948,AE,1.9635043669295311,1344.0,RES,125328.404,481677239004120,-94.66872205,29.449782181
481004159,VE,3.472423570718765,1282.0,RES,175049.446,481677261002027,-95.05721421,29.138098128
480917910,AE,8.67843890364647,1941.0,RES,146600.185,481677243001048,-94.77631557,29.308310771
481120497,AE,8.106379787149429,1584.0,RES,119549.067,481677209004006,-95.06876202,29.45192526
481170094,AE,6.413815107860565,7200.0,RES,1147220.18,481677245001024,-94.79485499,29.306771952
480922244,AE,7.341117918586731,1436.0,RES,135579.687,481677253001013,-94.82705336,29.28531578
480953789,AE,1.8667101753401756,2115.0,RES,239807.986,481677218003023,-94.94118785,29.480152151
481130788,AE,13.673657944965363,1536.0,RES,192682.303,481677209002004,-95.05199545,29.449971054
481018175,AE,14.254407450237274,3306.0,RES,337745.862,481677206002101,-95.08502408,29.441846785
481005006,AE,11.281697660551071,1605.0,RES,197375.074,481677209002007,-95.0598235,29.4532365
480925735,AE,9.037453647766114,1560.0,RES,127395.889,481677254003008,-94.8239209,29.284430295
480912986,AE,4.4808935175037385,2444.0,RES,191354.835,481677239004120,-94.6671065,29.446412
480945251,AE,4.535747392249108,1380.0,RES,181453.351,481677238003034,-94.94273,29.3234745
481146482,AE,6.560842249650955,1232.0,RES,102498.796,481677246002041,-94.81182379,29.2974845
480921788,AE,10.673740433158875,1144.0,RES,98246.6065,481677249001007,-94.802343,29.288971
480923672,AE,4.996719326257706,1832.0,RES,216095.175,481677257001007,-94.83958446,29.269309841
480927997,AE,4.996719326257706,1706.0,RES,146372.797,481677258003049,-94.83863525,29.277855349
480951124,VE,9.27513304301262,1722.0,RES,207308.331,481677261001031,-94.9284685,29.2120885
480949715,AE,5.589096039805412,1065.0,RES,158932.265,481677261001111,-94.94477646,29.200601314
481114365,VE,4.628513576908111,2486.0,RES,323645.032,481677238002057,-94.91523218,29.300051521
481016659,AE,5.61089827753067,1500.0,RES,55783.494,481677215002026,-95.0518177,29.548539867
480936736,VE,4.995313689117432,1848.0,RES,234708.442,481677238002065,-94.92179565,29.295862269
480921366,AE,8.370480780239106,1752.142,RES,255873.14,481677247001029,-94.796745,29.297615
480921493,AE,10.32355452955246,3916.5,RES,481746.779,481677248001029,-94.7982037,29.290966416
480942746,AE,7.3932039318847655,1949.88,RES,68325.4476,481677218002026,-94.942452,29.490534
480950305,AE,6.217185088610649,1425.0,RES,184587.061,481677261001101,-94.94261432,29.200617963
480955392,AE,16.26327646789551,1760.0,RES,217149.672,481677236003026,-95.03396786,29.336256191
480947672,VE,3.6062320914554595,2794.0,RES,296877.508,481677238002074,-94.91834724,29.293736794
481005801,AE,8.2408727444458,2963.0,RES,291664.022,481677215004024,-95.03431564,29.549872586
481150682,AE,11.207636149301528,1556.0,RES,118238.61,481677209003004,-95.059592,29.4662555
480947281,AE,4.980999187355041,864.0,RES,142618.301,481677238003007,-94.94482725,29.324933172
480927152,AE,4.996719326257706,1644.53,RES,252677.341,481677258002031,-94.8334803,29.27517461
480927878,AE,4.996719326257706,1766.0,RES,210887.279,481677258003049,-94.83972671,29.279037225
480923174,AE,4.996719326257706,1270.0,RES,174197.192,481677257001013,-94.83930019,29.261887432
481112655,AE,5.808484161324501,678.0,RES,83052.3205,481677256002004,-94.82742038,29.274650389
481136681,AE,13.246891803569794,1792.0,RES,130915.285,481677242003009,-94.7701855,29.3137165
480921844,AE,7.030655148477554,1628.0,RES,121885.955,481677252002012,-94.82545085,29.290483747
480916587,AE,8.947650095643997,1260.0,RES,121005.753,481677244001009,-94.78854155,29.296714699
481119621,AE,5.451761301913262,800.0,RES,136204.992,481677261002098,-95.0449076,29.141615662
480913258,AE,6.083080891280174,1300.0,RES,157136.928,481677239004123,-94.66618358,29.444610166
480923970,AE,4.996719326257706,2741.0,RES,275412.447,481677257001017,-94.84528663,29.269383491
480984644,AE,10.330100089702606,3800.0,RES,251367.492,481677211004001,-95.00504168,29.474403747
480947263,AE,4.336163344807625,419.518,RES,92142.0609,481677238003007,-94.94510282,29.324088794
480951572,VE,5.468922277550697,1950.0,RES,224926.182,481677261001051,-94.93546246,29.203531805
480953774,AE,5.207621607756614,1798.0,RES,220075.618,481677218003023,-94.94036978,29.481273405
480926088,AE,7.892858264713287,1036.0,RES,156486.74,481677253001009,-94.8260195,29.285587
481086079,AE,4.12017824186325,1360.0,RES,126098.699,481677242001018,-94.77125056,29.317365169
481124424,AE,4.996719326257706,2420.0,RES,256041.062,481677257001019,-94.8423873,29.260796292
480921499,AE,8.667652965679169,2850.0,RES,185899.914,481677247001039,-94.79827079,29.296759056
480999153,AE,11.982144560232163,2124.0,RES,237310.046,481677209002003,-95.06104222,29.451816557
480925624,AE,4.996719326257706,2085.0,RES,234600.799,481677257002011,-94.84309821,29.260368715
480892550,VE,4.8356979990148545,2131.0,RES,237789.794,481677261002033,-95.00376609,29.173355342
481170393,AE,4.991533252668381,1186.0,RES,167998.937,481677239003000,-94.71358716,29.426555485
480936706,VE,4.820818348207474,1230.0,RES,185482.012,481677238002065,-94.92259351,29.296732244
480901103,AE,12.398856133012771,3262.0,RES,354263.078,481677212021001,-95.01277819,29.508271156
480978457,AE,11.714965558156967,1617.0,RES,198421.729,481677211004025,-95.0270156,29.479080551
480950095,VE,1.7835900484466554,1632.0,RES,215358.135,481677238002051,-94.918983,29.29976
481171159,AE,14.161586901760101,1431.0,RES,223342.983,481677206002100,-95.08985574,29.440498775
480897300,AE,12.107128933734893,2437.0,RES,191026.795,481677212011001,-95.024086,29.529793
481111643,AE,8.493559682359695,1622.0,RES,121544.337,481677251001018,-94.8067725,29.29397
481019760,VE,4.977034148588181,1392.0,RES,182169.4,481677261002009,-95.0830135,29.114741
481125612,VE,4.871961403479576,1232.0,RES,185638.323,481677238002049,-94.91284144,29.299435742
481141559,VE,4.931102588834762,2116.46,RES,257904.214,481677239002145,-94.752357,29.372114166
481085366,VE,9.978320817785264,2318.0,RES,268610.927,481677239002115,-94.5993895,29.468791867
481137393,AE,8.722233456907272,1726.0,RES,127353.038,481677244003016,-94.79262209,29.297385201
480957184,A,10.711116144809722,1894.0,RES,220811.965,481677229002017,-94.97537326,29.359829011
481086950,AE,9.73525432015419,896.0,RES,145575.895,481677244001029,-94.7847795,29.2966075
480981321,AE,9.104627771692275,1579.0,RES,195574.264,481677215004019,-95.03021579,29.548687753
481167380,AE,10.14606096540451,1658.0,RES,208927.446,481677213004001,-95.07598933,29.538308739
480963622,VE,7.353666182918548,1969.0,RES,229867.854,481677261002046,-95.00114658,29.165238298
480923576,AE,11.22610029214859,800.0,RES,79010.688,481677254004004,-94.81859756,29.282212196
481146183,AE,9.267718443984986,2388.0,RES,321698.354,481677248001017,-94.7877115,29.2933065
480966097,VE,4.99999992846489,4354.0,RES,378670.514,481677260002009,-94.96570337,29.286053506
481089607,AE,6.6640044389915465,864.0,RES,142618.301,481677253001036,-94.82792522,29.284041439
481133798,AE,10.64609076057434,824.0,RES,138687.814,481677211004021,-95.02488248,29.477594161
481164006,VE,7.984990465564728,1371.0,RES,180906.563,481677261002033,-95.03373849,29.14673598
480982757,AE,12.18554111486435,3284.87,RES,431424.034,481677211004050,-95.03214969,29.480249327
480938141,AE,8.13338413383484,1040.0,RES,92902.4179,481677218004006,-94.923706,29.4808075
481149269,VE,3.6073299276971817,2908.0,RES,368306.789,481677238002053,-94.91983133,29.299209491
480925616,AE,4.996719326257706,2404.0,RES,254986.093,481677257002011,-94.84477687,29.261665903
481098860,AE,6.1400702080917355,3133.62,RES,302548.099,481677215004035,-95.03549517,29.54865416
480942054,AE,5.019489161725044,1584.0,RES,202813.124,481677238003029,-94.9362348,29.326545593
481095866,AE,4.991902066197396,720.0,RES,128527.983,481677261001154,-94.978551,29.188428
481130710,AE,12.694039932470321,2506.0,RES,163784.697,481677209001022,-95.04995293,29.462549681
480908009,VE,4.986796951675415,2835.74,RES,208258.395,481677239001074,-94.47170543,29.528873465
480938035,VE,4.801451922421455,1906.0,RES,257078.077,481677238002069,-94.92744193,29.299675806
480977177,AE,13.59824476928711,2028.0,RES,180128.36,481677236001043,-95.023852,29.3471315
481150796,AE,9.752681248283386,2837.0,RES,281122.139,481677215004020,-95.03511814,29.54960184
480928859,AE,4.996719326257706,1609.0,RES,197724.666,481677259001038,-94.8689345,29.257068
480974268,AE,11.339821577625274,1410.0,RES,110937.418,481677211003000,-95.02076108,29.472893253
481019772,VE,4.97801582616806,1120.0,RES,163280.893,481677261002009,-95.06971842,29.123301328
481155530,AE,8.575936120042801,1952.2,RES,274931.415,481677244002047,-94.78751794,29.300438127
480938186,AE,11.554361541662216,1792.0,RES,140213.546,481677218001004,-94.9170577,29.496014532
481092379,VE,5.126346917381286,936.0,RES,148791.04,481677260001064,-94.91939698,29.213335329
480982567,AE,12.414534032402038,2246.84,RES,317531.818,481677211004034,-95.0309105,29.478371
481085601,VE,9.392577663373947,1763.0,RES,226444.428,481677239002050,-94.6311425,29.453346
481004484,AE,5.517914637598992,1344.0,RES,179216.052,481677261002071,-95.0592558,29.130428527
481119017,AE,11.582583012104035,140400.0,RES,4625761.6,481677211004027,-95.0278375,29.476204
481143631,AE,6.015888776450157,2947.0,RES,290610.35,481677218003019,-94.95189406,29.477016055
481137656,AE,10.453798504686356,1066.0,RES,159014.714,481677254001028,-94.81922064,29.284136277
481034854,AE,12.928388663864135,2498.0,RES,280412.683,481677208004019,-95.077906,29.459002
480899568,AE,12.10893428182602,2830.0,RES,323950.504,481677212021001,-95.02495614,29.497108323
480987536,AE,11.499424361209869,2142.0,RES,256363.642,481677214003018,-95.04302628,29.534061046
480945665,AE,12.132471859560013,3900.0,RES,128493.378,481677218001014,-94.9160953,29.489668477
480923148,AE,4.996719326257706,1236.0,RES,119684.741,481677258002034,-94.83899568,29.276207466
480935278,AE,13.49263347038269,1600.0,RES,120284.928,481677218001024,-94.9152325,29.489358
480992166,AE,13.751995033626557,1139.55,RES,45863.5104,481677209002028,-95.04652482,29.449056503
480971773,AE,4.3779769431114195,1268.0,RES,174053.705,481677261001160,-94.980719,29.1927235
481087460,AE,9.225343607702255,930.0,RES,87188.8838,481677247002059,-94.79455754,29.295320708
481089985,VE,5.4549355231237415,2590.0,RES,269636.871,481677260001062,-94.893472,29.230258
480974504,AE,10.374863805131913,1174.0,RES,99654.8688,481677211003000,-95.02621474,29.471152928
481019877,AE,14.507426828765869,2181.0,RES,259245.714,481677206002088,-95.08353312,29.447851924
480923663,AE,4.996719326257706,1755.0,RES,210000.569,481677257001007,-94.8397305,29.2696
480932866,AE,4.996719326257706,1934.0,RES,223764.842,481677260002032,-94.90333215,29.237951933
480959930,AE,4.93170997739315,960.0,RES,150568.427,481677261001162,-94.98160283,29.196716493
481086351,AE,9.761912928600312,1397.0,RES,127814.967,481677244002001,-94.7755645,29.304047
481125115,AE,9.810346006202698,2146.0,RES,176271.201,481677248001025,-94.7887915,29.292526
481150772,AE,12.663317726392746,1344.0,RES,140187.13,481677209003045,-95.05030817,29.457504846
480945982,AE,4.972327571697235,1862.0,RES,218398.719,481677261001126,-94.94277666,29.204618984
481140385,AE,14.126945807495117,1539.0,RES,117428.879,481677209001020,-95.048284,29.4620415
481134725,AE,12.581057056264877,1726.0,RES,224174.931,481677208004001,-95.07373526,29.459236724
480912657,VE,10.003281241350173,1156.0,RES,178366.184,481677239002119,-94.619433,29.459525
480926254,AE,4.996719326257706,1498.0,RES,115432.182,481677258002026,-94.82854175,29.277424721
480977189,AE,9.643363040971757,1414.05,RES,53618.2189,481677211004015,-95.02342795,29.477383345
480916356,AE,7.563301670122146,1260.0,RES,121005.753,481677243004004,-94.7864565,29.3052275
481005075,AE,13.329108669757844,2802.0,RES,206477.304,481677215001004,-95.06589513,29.549312989
481123056,AE,4.9842735318565365,798.0,RES,136029.163,481677242001008,-94.77123454,29.321818103
481133802,AE,10.885744461965562,1282.0,RES,122183.115,481677211004021,-95.025353,29.477635
480892755,AE,9.631808969631194,2200.0,RES,245655.432,481677261002033,-95.02748532,29.150184054
481156475,VE,5.003860541768074,1548.0,RES,190536.632,481677238002055,-94.916424,29.301081
480914326,AE,3.8933113798332215,812.0,RES,115505.96,481677239004139,-94.704873,29.432214
480980361,AE,11.911746153450013,2642.0,RES,310970.798,481677212021032,-95.03054417,29.501290071
480914776,VE,4.927821595520973,1248.0,RES,172596.135,481677239003052,-94.76738567,29.382886935
480982197,AE,6.443712079000473,1080.0,RES,160155.843,481677215004033,-95.03183874,29.545049122
480959943,AE,4.693909730205536,864.0,RES,142618.301,481677261001162,-94.9830305,29.196151
480917324,AE,5.620145211005211,1593.0,RES,227013.147,481677242001004,-94.77277478,29.324444779
481013015,AE,4.814947446951866,900.0,RES,145933.92,481677261002019,-95.04516204,29.147843681
481016759,AE,4.625193081827164,1680.0,RES,203812.197,481677261002091,-95.05166589,29.13885979
481118517,AE,14.110275279541016,766.0,RES,76804.4619,481677237001072,-95.002002,29.3447155
480948790,AE,10.871580145139694,1573.69,RES,57540.1077,481677218001034,-94.91909117,29.485905345
480972254,AE,9.040992380332947,1152.0,RES,114964.088,481677210001003,-95.0064296,29.466702773
481127864,AE,11.109604496412278,1218.0,RES,120152.27,481677219001101,-94.97134035,29.453456816
481127491,AE,5.330457241568565,1121.0,RES,97126.5084,481677254002027,-94.82569296,29.277486787
481002679,AE,12.281170590982438,2671.0,RES,198069.172,481677215001000,-95.05693497,29.552982602
481123472,AE,13.992822837047576,2082.0,RES,153098.789,481677241012006,-94.79434628,29.287795588
480999724,AE,11.163983176631927,1260.0,RES,121005.753,481677211004024,-95.02361882,29.474059043
480956182,AE,14.318339300403595,2334.0,RES,254278.954,481677217006003,-94.98215653,29.497940095
481015681,AE,9.265199717445373,1664.0,RES,267460.848,481677215002023,-95.04906672,29.545938939
480966125,AE,4.995829949836731,1064.0,RES,109632.636,481677237001011,-94.96639158,29.339513857
481119133,AE,12.388800782184601,991.0,RES,177452.293,481677212021013,-95.03156388,29.506703974
480982587,AE,13.23551998790741,1267.15,RES,222660.584,481677211004034,-95.03384589,29.479889761
480917877,AE,9.113381519737244,1410.0,RES,128552.305,481677243005027,-94.7758805,29.306544
480973450,AE,12.418148639650346,1654.0,RES,144647.905,481677219001008,-95.01510089,29.455580076
480916719,AE,8.470914609899522,1582.344,RES,247221.339,481677244002054,-94.79020258,29.299107701
480937750,AE,5.268903319563866,1245.38,RES,49004.6816,481677218002015,-94.9298541,29.490711927
481161284,AE,6.93351521864891,1417.0,RES,189279.238,481677252001004,-94.8186607,29.29276683
481014247,AE,12.474854404172897,2040.0,RES,249140.157,481677208004000,-95.07527086,29.46148074
480911992,VE,9.996606616020202,1353.0,RES,193272.007,481677239002035,-94.6024665,29.467515
480916348,AE,7.598829794168473,2700.0,RES,180095.724,481677243004004,-94.7870745,29.304883
480917565,AE,9.4818321018219,780.0,RES,86463.6364,481677247002030,-94.79863244,29.29327356
481164367,AE,4.996719326257706,1760.0,RES,156700.6,481677259001036,-94.86689361,29.256657659
481127465,AE,4.996719326257706,2674.0,RES,274243.076,481677261001081,-94.9466268,29.206857033
480953739,VE,5.103716315865516,1394.0,RES,182287.297,481677218003023,-94.94266808,29.479198817
481161085,AE,9.35945484495163,1643.0,RES,200667.638,481677248001014,-94.7890375,29.2938955
481167702,AE,11.768795124702454,1412.0,RES,128672.207,481677215001004,-95.06740446,29.54866603
481148840,VE,5.430609865579605,3024.0,RES,295629.22,481677260001081,-94.89272034,29.230757329
480928141,AE,4.996719326257706,1519.0,RES,191501.381,481677260001020,-94.8685707,29.255934003
481145615,VE,2.8187369856882096,1265.54,RES,121305.258,481677239004141,-94.7037185,29.4291005
481124449,AE,4.996719326257706,874.0,RES,97630.8538,481677259001043,-94.850466,29.253749
480945799,AE,5.015560886979103,1500.0,RES,190156.32,481677238003037,-94.934766,29.326486
480958387,AE,2.9882926501703264,1874.0,RES,224681.912,481677261001094,-94.98077732,29.193833069
481030707,AE,5.253971260471344,1064.0,RES,158849.691,481677261002143,-95.068405,29.1268605
480945223,VE,5.059220899567604,1440.0,RES,185734.08,481677238003034,-94.94388292,29.322637025
481005981,VE,5.0032809217786784,900.0,RES,145933.92,481677261002121,-95.05962832,29.128120557
480914443,VE,7.677039382076264,2019.28,RES,250337.893,481677239002132,-94.7036895,29.4149225
480943353,VE,6.855810158262253,1066.0,RES,159014.714,481677260001065,-94.9103941,29.218944285
480955745,VE,5.131256478600502,1008.0,RES,154025.557,481677261001128,-94.97841653,29.178703969
481152626,AE,23.67089502483368,2569.0,RES,192919.473,481677234004002,-95.15971903,29.422966955
480922260,AE,5.333746448121071,1910.0,RES,159568.054,481677253001025,-94.8292474,29.281861799
481004036,AE,13.344532349853516,1397.0,RES,211677.483,481677212021009,-95.02988812,29.507883526
480908823,VE,10.00984244576454,1480.0,RES,202865.1,481677239002025,-94.63201066,29.453489712
481014054,AE,12.144449108247757,3411.0,RES,234192.574,481677213004001,-95.07779108,29.538184762
481150665,AE,7.138106995067597,2018.0,RES,232777.198,481677215004069,-95.03509602,29.548948723
481086453,AE,8.358174219789506,1046.0,RES,137413.03,481677243005008,-94.7784924,29.307382295
481137614,AE,9.09253788430214,1440.0,RES,112501.785,481677253002042,-94.81585072,29.287326914
480907341,VE,2.1964877451634406,1920.0,RES,145757.03,481677241011013,-94.74900258,29.320044603
480913056,AE,3.4637832435894014,1956.0,RES,162416.316,481677239004120,-94.66563053,29.449587173
480915494,AE,8.114887920246124,2240.0,RES,160804.439,481677243001046,-94.77800975,29.308375347
481016752,AE,3.0854761883854867,1204.0,RES,169244.195,481677261002091,-95.05035316,29.140208595
481022699,AE,4.977034148588181,1292.0,RES,175748.308,481677261002122,-95.0886655,29.110844
480910893,VE,8.469246931333542,1287.0,RES,188555.18,481677239002025,-94.579674,29.4787155
480995730,A,16.084163722400664,1407.0,RES,128372.121,481677211001002,-95.04897717,29.473084239
481127761,AE,4.996719326257706,1738.0,RES,208619.673,481677261001144,-94.97183362,29.185686066
480912803,AE,5.379529778470993,2760.0,RES,204847.001,481677239004115,-94.6387685,29.462745
480934087,VE,5.831291934132576,1415.0,RES,128851.728,481677259001004,-94.88034031,29.271720532
480914316,AE,6.7342401454257965,805.0,RES,92379.488,481677239004139,-94.68806117,29.432257484
480970003,AE,5.2704415418434145,1641.0,RES,207504.889,481677261001098,-94.97541818,29.187137453
480932857,AE,4.996719326257706,2454.0,RES,276829.99,481677260002032,-94.9096716,29.239414684
481099768,A,16.374011263332367,1456.0,RES,131265.29,481677211004064,-95.0532505,29.475143
481089991,VE,5.262463358197212,2060.0,RES,232831.673,481677260001062,-94.893617,29.23047
480913995,VE,4.990158512949944,1680.0,RES,219098.111,481677239002126,-94.6978419,29.415910968
480953775,AE,7.712121644592285,1914.0,RES,226938.433,481677218003023,-94.94511225,29.485046872
480945367,AE,4.7848611802148815,1124.0,RES,163582.372,481677238003044,-94.93600974,29.327131533
480922710,AE,9.539970880947113,1858.0,RES,134381.216,481677251003013,-94.81003661,29.288372334
481086172,AE,4.9978038648748395,1456.0,RES,131265.29,481677242001007,-94.77089695,29.320839691
480987427,AE,11.325898182468414,2496.0,RES,280289.354,481677214003021,-95.04191927,29.532488036
480935584,AE,11.02526235692978,2946.0,RES,190077.338,481677218001019,-94.915294,29.4857755
481110957,AE,6.638178105401993,4148.0,RES,244808.646,481677243003001,-94.7845352,29.310520888
481013093,AE,4.567169288043976,1716.0,RES,206813.659,481677261002019,-95.04589149,29.147459368
480936440,AE,4.980435993843079,2552.0,RES,192042.552,481677220012002,-94.91992057,29.420288242
480918689,AE,9.841672080879212,1560.0,RES,143722.8,481677244004013,-94.78085895,29.299354668
480925950,AE,7.52325470035553,1088.0,RES,95458.1188,481677252002027,-94.82407479,29.289453188
480940881,AE,4.797343738636971,1806.0,RES,284574.637,481677238003043,-94.93160918,29.32693984
481031184,AE,12.244624807548522,1970.0,RES,140042.39,481677208003041,-95.07048047,29.462043334
480950135,VE,4.377553765764237,2233.0,RES,314094.67,481677238002051,-94.917458,29.297513
480920019,AE,6.460797179956436,4669.9,RES,813968.941,481677246002025,-94.81086397,29.298694729
480982365,AE,7.348728853130341,1500.0,RES,190156.32,481677215004070,-95.03247313,29.546281744
481112197,AE,10.961440798826217,1008.0,RES,114115.018,481677254004005,-94.81995088,29.282046276
481019678,VE,4.9389947290277485,720.0,RES,128527.983,481677261002009,-95.072386,29.126624
481012234,AE,11.51342206662178,1866.0,RES,134794.783,481677208003036,-95.067972,29.464385755
480921581,AE,8.73153318977356,2882.0,RES,187307.483,481677247001049,-94.7997825,29.295517
481167988,AE,13.893951087169647,1376.0,RES,109367.773,481677236002018,-95.00028904,29.343017353
480911212,VE,7.065009170494079,2354.0,RES,270936.158,481677239002187,-94.597244,29.4691815
480908999,AE,6.438730945272446,1224.0,RES,183602.011,481677239002025,-94.63505324,29.456278339
481124491,VE,4.927821595520973,1560.0,RES,194313.225,481677239003044,-94.76854626,29.378023086
481148455,AE,6.063995671143532,1032.0,RES,92461.609,481677254003027,-94.82617729,29.282286123
480908889,VE,9.901723371305465,1462.0,RES,201440.354,481677239002025,-94.62257368,29.458788916
481086685,AE,9.782876242656707,2124.0,RES,175066.841,481677244004005,-94.78230643,29.299456886
480908098,VE,9.247344136476517,1200.0,RES,181599.285,481677239002006,-94.5383375,29.493041
480912890,AE,4.994892858409882,784.266,RES,90901.1091,481677239004120,-94.66505982,29.446176039
480923961,AE,5.005902900462151,3117.0,RES,299218.83,481677257002005,-94.84669516,29.265193634
481087043,AE,7.6661674006557465,3296.0,RES,219607.259,481677243004007,-94.786607,29.3048675
480987515,AE,4.326331315851212,1021.0,RES,155180.466,481677261002038,-95.043829,29.145279
481152208,A,17.359976936035157,1429.0,RES,184894.554,481677211001001,-95.049006,29.4750795
480918544,AE,8.896748353147506,1974.61,RES,276244.237,481677247002043,-94.8049315,29.2931795
481023790,AE,14.731013088588714,1885.0,RES,236648.153,481677206002039,-95.0884525,29.449370201
480944013,AE,4.396775090999603,2961.0,RES,289350.247,481677261001018,-94.9385295,29.2198225
481141534,VE,6.879846005811691,340.291,RES,80346.3679,481677239002092,-94.63294807,29.456385768
480923827,AE,4.996719326257706,1251.0,RES,120514.851,481677258001009,-94.84206989,29.271391224
481096607,AE,4.877339510412217,1875.0,RES,219384.562,481677261001138,-94.98761969,29.197037422
480971982,AE,9.784031571569443,2036.91,RES,67948.9909,481677236002062,-95.0059575,29.3350045
480936438,AE,4.996719326257706,1883.0,RES,219987.52,481677220012002,-94.91992356,29.419746923
480999705,AE,15.224619348869323,1555.0,RES,136786.7,481677236001060,-95.02401003,29.340716356
480999375,AE,4.534078149256707,1928.0,RES,223326.421,481677261002073,-95.05482371,29.138466042
481138573,AE,3.9849281021785736,2697.0,RES,199351.179,481677258003008,-94.85021454,29.287682359
481124432,AE,4.996719326257706,2655.0,RES,273223.952,481677257001019,-94.84214991,29.260854547
481097363,AE,11.196702373037338,1656.0,RES,132892.203,481677237002009,-95.00569071,29.350436297
480948594,VE,4.882086371283531,1596.0,RES,196680.008,481677261001014,-94.94270468,29.219858098
481160055,AE,9.39001747953415,1342.0,RES,107842.41,481677247002020,-94.79821404,29.293798419
480936901,AE,8.121770614290238,3845.0,RES,216387.412,481677218004034,-94.9229875,29.4759515
481131369,AE,10.12248193037033,1851.0,RES,134018.183,481677209004002,-95.0603045,29.456393
480897940,AE,13.205684811611176,2704.0,RES,202643.782,481677212011001,-95.0238805,29.5328955
481129875,AE,3.777027954983711,1696.0,RES,205153.256,481677260002046,-94.917355,29.2262745
480913642,VE,5.064162531528473,1450.0,RES,200476.261,481677239002126,-94.69908198,29.41521733
480922582,AE,9.81366180800438,2461.0,RES,192146.241,481677250001002,-94.80853221,29.287844882
480909843,VE,8.376691553134918,1400.0,RES,196336.4,481677239002025,-94.586231,29.4756565
480922427,AE,9.95453293182373,3859.74,RES,612215.105,481677250001008,-94.80697804,29.287282738
481113902,VE,3.291487095122337,3261.0,RES,384579.02,481677238002042,-94.90154263,29.301856826
480924069,AE,10.168573061618805,1575.0,RES,202130.916,481677254001031,-94.82070633,29.284645857
480922918,AE,9.267328119592667,1452.0,RES,113118.245,481677251003019,-94.8146208,29.28717561
480947529,AE,7.014182520465851,1101.0,RES,96123.9865,481677219002021,-94.95472348,29.409425207
480922451,AE,10.117377206954956,1081.0,RES,110707.056,481677250001008,-94.80555138,29.287759179
480951394,VE,6.100262986674308,1906.0,RES,221705.258,481677261001051,-94.9351419,29.204174584
481130670,AE,4.904079469032288,1088.0,RES,160796.891,481677261002076,-95.04924008,29.140208677
481024435,AE,15.673809978599548,1507.0,RES,205610.799,481677233003025,-95.08706419,29.436594119
481037007,AE,14.20119974319458,1951.0,RES,253123.188,481677206001004,-95.10561906,29.449493326
481136758,AE,8.903790618686676,2348.0,RES,165753.986,481677243005028,-94.77712076,29.306217588
480953292,AE,10.366555136404038,510.571,RES,26097.0235,481677226001007,-94.96381672,29.390316192
480923669,AE,4.996719326257706,1822.0,RES,215318.482,481677257001007,-94.84178591,29.268786303
480910773,VE,10.206465033988952,1280.0,RES,188026.569,481677239002025,-94.58317044,29.475505945
481168081,AE,12.392111108493804,1000.0,RES,41430.972,481677237001026,-94.99638635,29.347050533
481086905,AE,7.148261686973572,2760.0,RES,182267.043,481677243003017,-94.78582701,29.308221563
480927864,AE,4.996719326257706,1644.0,RES,142180.145,481677258003049,-94.83831116,29.27683651
481118782,AE,6.770605237607956,1200.0,RES,168929.568,481677215004064,-95.02376425,29.542903068
481169422,AE,11.390251645555496,597.0,RES,65346.3128,481677218001014,-94.91690608,29.494439876
481124201,AE,8.10955400835991,1623.0,RES,121601.329,481677253002024,-94.82052555,29.289224203
480984873,AE,12.724864608478546,1159.0,RES,98958.2002,481677211002017,-95.03937808,29.474707213
480914554,AE,4.518501546478271,2961.0,RES,212541.544,481677239004143,-94.70734714,29.431518819
480907096,AE,4.995385652732849,2376.0,RES,166995.103,481677259002000,-94.86882159,29.251525987
481127841,VE,4.835439868655205,1896.0,RES,136333.06,481677236002009,-94.98027007,29.315181294
480949918,AE,8.279934125566482,1527.46,RES,56448.8525,481677218003005,-94.94512973,29.486762702
481072986,AE,12.655285178928375,6277.0,RES,654668.863,481677202001000,-95.17559273,29.516010176
481114183,VE,3.89259057035923,2746.0,RES,343022.698,481677238002084,-94.90914402,29.296867739
480939060,AE,6.140580602211952,2997.5,RES,98758.6924,481677218002027,-94.9291095,29.4884775
480924064,AE,10.717827534160614,1928.0,RES,172965.716,481677254001045,-94.8201935,29.282708
481098383,AE,12.735634119968415,1280.0,RES,122077.409,481677212011004,-95.02894355,29.528896868
481131781,AE,13.225165049419402,1611.0,RES,139913.913,481677213003004,-95.084878,29.522767
481008112,AE,11.237563626756668,2452.0,RES,261505.034,481677215003005,-95.0741447,29.536643134
481099679,AE,9.662937926578522,1150.0,RES,165493.119,481677215002029,-95.048404,29.542865
481089798,AE,4.996719326257706,5448.0,RES,438240.092,481677258003047,-94.8393426,29.281444044
481149850,VE,4.996719326257706,1526.0,RES,191990.222,481677261001113,-94.94942279,29.19837791
481008777,AE,5.2005723022985455,1808.0,RES,214223.683,481677261002142,-95.067101,29.126345
481126149,AE,6.297445248451233,2048.95,RES,83539.6608,481677218004017,-94.92579471,29.479237036
481020078,AE,21.105116796150206,2014.0,RES,165837.007,481677233001018,-95.08494615,29.381410969
481150533,AE,6.673800095033646,768.0,RES,133292.681,481677261002100,-95.04543656,29.139741673
480916215,VE,4.927821595520973,1380.0,RES,181453.351,481677239003014,-94.76918354,29.37994484
481043324,AE,9.358297169399261,1080.0,RES,110644.444,481677213003000,-95.089429,29.519578
480976781,AE,12.060746036958694,2025.0,RES,166414.419,481677210001014,-95.02941072,29.464702965
481122919,AE,5.954424417858124,904.0,RES,146262.698,481677239004154,-94.66896565,29.443540221
480931025,AE,5.581838274526596,2338.0,RES,181349.517,481677220011007,-94.91199032,29.43999301
480897430,AE,11.453979338073731,2437.0,RES,191026.795,481677212011001,-95.02434472,29.531151529
480953758,VE,5.184549837989807,1664.0,RES,202459.817,481677218003023,-94.93745142,29.480944122
480913355,VE,8.995856331415176,1524.0,RES,206239.741,481677239002182,-94.65450436,29.443089061
480923042,AE,4.996719326257706,3432.0,RES,318239.072,481677257001010,-94.8378997,29.266676622
481146103,AO,14.196709839363098,792.0,RES,91436.3569,481677244001025,-94.7821565,29.2962335
480921706,AE,8.416880103492737,826.0,RES,72446.6097,481677247001015,-94.80099072,29.296239807
480947086,AE,5.025148865413666,770.0,RES,169007.694,481677238003033,-94.93561704,29.328065263
481124508,AE,9.372516241149903,3556.0,RES,218112.483,481677243005024,-94.77466512,29.307044697
481154403,AE,5.482385731339455,975.0,RES,151627.554,481677261001091,-94.9748875,29.1864685
480919573,AE,10.688637683763504,1706.0,RES,135647.259,481677250001015,-94.810407,29.2845245
480935619,AE,11.748818181505204,1252.0,RES,103516.796,481677218001019,-94.91510305,29.486147953
480914170,VE,9.664426478319168,2041.42,RES,252097.887,481677239002126,-94.697839,29.422462553
481165423,AE,4.307423267006874,2862.0,RES,306286.638,481677206002099,-95.09157095,29.437373571
480920469,AE,8.613229699306489,2481.0,RES,188322.555,481677253002032,-94.81823565,29.288588214
481119929,AE,11.24039993185997,2618.0,RES,199102.754,481677215001002,-95.05687839,29.552007867
480920153,AE,9.655103279056549,1451.94,RES,234733.997,481677248001038,-94.79030129,29.292092573
481036062,AE,15.469301898994445,2504.0,RES,281048.378,481677206002076,-95.10297495,29.447561803
480963637,VE,1.0900924287092686,1420.0,RES,189538.68,481677261002046,-95.0376165,29.141991
481123622,AE,11.333272106409073,1220.0,RES,118782.84,481677249002023,-94.8042963,29.286122619
481143003,VE,6.287776702055931,864.0,RES,142618.301,481677260001063,-94.91252267,29.218014464
481123050,AE,5.613871078839302,1462.0,RES,131612.259,481677242001008,-94.7722935,29.321521
481150180,AE,11.610734865570068,900.0,RES,85570.344,481677236002082,-95.0050735,29.3386355
480910909,VE,9.848103437900543,1320.0,RES,190973.992,481677239002025,-94.6229705,29.458645
480922235,AE,6.758211069278717,905.0,RES,146344.451,481677253001013,-94.8279365,29.285092
481123735,AE,11.979223776102065,1078.0,RES,94548.9652,481677250002003,-94.80778434,29.28337128
480922595,AE,10.692575345067977,1791.0,RES,149401.973,481677250001010,-94.80928083,29.285557166
480943858,VE,4.976133821182251,1308.0,RES,176845.023,481677238003041,-94.93385183,29.324245984
480901904,AE,11.341576081857681,5242.0,RES,482336.707,481677212021001,-95.02532591,29.501115846
481110747,AE,12.999171137332915,1470.49,RES,236596.751,481677244001033,-94.7809451,29.297577202
481112821,AE,6.998552336082459,1646.0,RES,122906.033,481677252002009,-94.82903478,29.289555102
481092382,VE,5.332392828159332,986.0,RES,152378.951,481677260001064,-94.9177128,29.214665601
480928169,AE,4.996719326257706,2062.0,RES,232974.135,481677260001020,-94.86760503,29.255980043
480947768,VE,3.502446087079048,1792.0,RES,212961.87,481677261001015,-94.9493265,29.2123725
480934141,VE,4.7854525334024425,1859.0,RES,271202.097,481677238002078,-94.91314812,29.294818255
480979666,AE,14.796648599128723,1126.0,RES,113448.292,481677232001059,-95.03023119,29.362580349
481015206,AE,12.606220073051453,2931.51,RES,475895.275,481677206002123,-95.078055,29.442029
480945589,AE,13.139044939308166,1140.0,RES,98054.3275,481677218001025,-94.9156001,29.487915766
481089231,AE,6.728080998601913,1234.0,RES,119274.273,481677246001001,-94.81675331,29.294349576
481137471,AE,7.4654115978240965,1504.0,RES,124064.233,481677246002033,-94.805478,29.297839341
480910391,AE,7.406013455429077,2397.24,RES,277453.117,481677239002025,-94.62433945,29.461869333
480928715,AE,3.408129555835724,2920.0,RES,210480.935,481677259001038,-94.87855106,29.269284204
481114461,VE,5.00035075109005,1361.0,RES,254298.781,481677238002068,-94.92359353,29.298584903
481015307,AE,15.28735128396988,2177.08,RES,212134.593,481677207003052,-95.076762,29.476962
481120088,AE,16.483147214965822,1444.04,RES,59146.9206,481677236001014,-95.05025205,29.348352008
480923461,AE,4.996719326257706,1488.0,RES,189293.098,481677257001013,-94.84375486,29.269850648
481146137,AE,9.538836671791076,671.0,RES,123890.682,481677244004019,-94.78421538,29.29862429
481008341,AE,11.520642676773072,2887.0,RES,284480.83,481677215003005,-95.0755695,29.54000045
481132701,AE,2.4236336617565155,2022.0,RES,230094.077,481677261001092,-94.9821765,29.194899
480922028,AE,10.024110014734267,3251.0,RES,203058.938,481677249001006,-94.8048023,29.288488803
481130697,AE,4.784943703708649,1568.0,RES,194847.432,481677261002076,-95.050054,29.140703
481086123,AE,4.538770646309852,890.0,RES,98788.4193,481677242001014,-94.77103801,29.318900394
480896635,AE,15.92270709350586,2161.0,RES,257654.124,481677205012008,-95.13686308,29.50436638
481100852,AE,11.671490147886276,1523.0,RES,251706.46,481677209002010,-95.06097485,29.450248436
480993901,AE,12.805699303922653,682.0,RES,83341.2402,481677216001041,-95.017121,29.538383
481002496,VE,2.1902286706018446,2515.0,RES,262130.072,481677261002023,-95.0544006,29.14056817
481119842,AE,10.577778516426086,1746.0,RES,216052.913,481677215002022,-95.05053071,29.545193019
480906918,AE,4.996719326257706,1102.0,RES,161899.429,481677258003007,-94.84020891,29.28729721
480999099,AE,12.792677800598144,1854.0,RES,217788.332,481677209002003,-95.05924899,29.450382103
481129813,AE,11.229864302120209,2400.0,RES,168045.12,481677218001021,-94.91705026,29.484618907
480955396,AE,16.678382939167022,1020.0,RES,155092.379,481677236003026,-95.03557846,29.336555076
481150588,AE,14.216188512744903,934.0,RES,87398.6749,481677236002042,-95.0081609,29.343082214
480895579,AE,13.394910009498597,2668.0,RES,290971.569,481677205012008,-95.12837366,29.50480674
480935764,VE,4.538122191557884,2513.0,RES,336897.927,481677238002056,-94.91694751,29.300118256
481086373,AE,9.883001880311966,1079.0,RES,94990.5664,481677244002033,-94.7765687,29.302896227
481022790,VE,5.021273390059471,1475.0,RES,194189.31,481677261002122,-95.086383,29.110732
481089397,AE,7.855406678380966,1220.0,RES,118782.84,481677253002020,-94.82140652,29.289393826
480947776,VE,3.5601018495464323,1791.0,RES,212882.631,481677261001015,-94.94953059,29.212304689
480907306,VE,1.8991645925736427,2135.0,RES,155745.12,481677241011013,-94.7491515,29.3195315
480937764,AE,6.200000646576881,935.303,RES,39595.48,481677218002015,-94.92887534,29.493824505
480950345,AE,5.200171809134483,1678.0,RES,203643.768,481677261001101,-94.94597883,29.201281043
481148393,AE,8.49576943468094,1492.0,RES,133323.224,481677253001032,-94.82502482,29.284876131
481020536,AE,12.342571199197769,2531.0,RES,190951.945,481677215001023,-95.05597765,29.544316807
481110735,AE,8.933496729803085,1560.0,RES,127395.889,481677243002015,-94.7805478,29.303941693
480950981,AE,7.5067312284851075,1587.56,RES,203081.492,481677218003007,-94.95125856,29.481974925
480916147,VE,4.927821595520973,1024.0,RES,155443.976,481677239003014,-94.769996,29.379467
480934224,VE,4.865487415838242,1818.0,RES,267143.582,481677238002078,-94.91258436,29.294847245
480980480,AE,11.866811133327484,2823.0,RES,323423.211,481677212021032,-95.02762389,29.4984098
480917297,AE,7.7598483836650844,1966.0,RES,166666.354,481677245001165,-94.79714769,29.299535977
480918471,AE,11.16801626794815,1484.0,RES,114736.196,481677250001013,-94.8056645,29.28574
481114942,AE,5.872180174207688,924.0,RES,81041.9702,481677218004031,-94.925412,29.4761145
481005139,AE,11.39840465385437,2833.0,RES,206026.346,481677215001004,-95.06353,29.551815
481169571,AE,5.956415541586876,2644.0,RES,200193.419,481677218001005,-94.92361473,29.497689513
481028821,AE,26.45401588748932,1784.0,RES,151526.697,481677234001002,-95.09777414,29.3827114
481123504,AE,7.867517685527801,1998.0,RES,231331.663,481677245001166,-94.798227,29.2991865
480916054,AE,8.761119622268676,2014.0,RES,149612.53,481677244003022,-94.7862665,29.2988445
480909068,VE,10.00984244576454,1560.0,RES,208886.717,481677239002025,-94.62864818,29.454678775
480942325,AE,8.8029140563488,910.0,RES,101388.171,481677218002026,-94.9412605,29.4926965
480910687,VE,8.541868388061523,1738.0,RES,231578.277,481677239002025,-94.5855685,29.475923
481162837,AE,4.0403842810964585,1457.054,RES,137002.245,481677237001004,-94.95187542,29.336016808
480962249,AE,2.011811312651634,2944.0,RES,290412.156,481677261001140,-94.988125,29.198365166
480913141,AE,2.923064281606674,1293.224,RES,50362.3761,481677239004120,-94.65017698,29.463905023
480972038,AE,11.358127713403702,2871.43,RES,244461.429,481677237002010,-95.00911127,29.347659105
480958229,AE,5.546721985735894,856.0,RES,121764.904,481677261001150,-94.975913,29.1851245
480982364,AE,7.771341442375183,2040.0,RES,231398.13,481677215004070,-95.0324585,29.546053
481064718,AE,21.20494910385132,2906.0,RES,321460.469,481677206001057,-95.15220848,29.430025403
480912492,AE,5.608555548963547,720.0,RES,86180.6131,481677239004114,-94.64125296,29.46137333
481149838,VE,4.996719326257706,1904.0,RES,226384.253,481677261001113,-94.94933739,29.198099926
480947517,AE,6.871992585172653,832.0,RES,81189.9678,481677219002021,-94.95469398,29.408924654
480983465,AE,10.29457118344307,1159.0,RES,115363.675,481677232001074,-95.03487215,29.356808728
480920554,AE,10.800689726247787,2142.0,RES,241697.151,481677248001044,-94.7962397,29.290894955
481143742,AE,6.185143288846016,1299.0,RES,105827.862,481677237001031,-94.96695675,29.336971615
480935566,VE,3.6884035892772675,2528.0,RES,282243.158,481677238002075,-94.916934,29.2948065
480939063,AE,6.471931985015869,3924.74,RES,761374.492,481677218002027,-94.92886703,29.486613231
480926075,AE,8.19967905011177,956.0,RES,83848.6185,481677254003026,-94.82520947,29.282541811
481161672,AE,9.732931146917343,2045.0,RES,231758.036,481677255002015,-94.82289387,29.270960145
480953910,VE,7.0372132240390775,934.0,RES,87398.6749,481677237001056,-94.96539062,29.334419762
481118954,AE,11.501533208026887,1602.0,RES,139291.671,481677211003010,-95.0266601,29.467750964
480971772,AE,5.012696031093597,1130.0,RES,164030.831,481677261001160,-94.981981,29.191436
480982732,AE,12.59056720448494,1480.0,RES,218812.877,481677212021022,-95.032878,29.507009
480984585,AE,12.104637584657668,1506.0,RES,190583.95,481677232001062,-95.0327425,29.3610655
481022666,AE,4.977034148588181,2498.0,RES,264293.625,481677261002122,-95.090506,29.1091325
480922054,AE,8.863913389186859,801.0,RES,79079.9329,481677247002010,-94.8039815,29.293673
481019889,AE,13.973170512332915,2209.0,RES,261226.272,481677206002088,-95.08371238,29.447325497
480983154,AE,7.708619676046371,2068.0,RES,233400.549,481677215004068,-95.03434875,29.549262449
481003649,AE,11.434985636882782,2064.0,RES,144579.653,481677211003003,-95.02911493,29.470116164
480923459,AE,4.996719326257706,2180.0,RES,241092.417,481677257001013,-94.84061984,29.263022551
480967551,AE,6.886253896436691,1086.28,RES,140769.647,481677236002013,-94.97017113,29.333437269
481012915,AE,10.83913159450531,1655.0,RES,142930.205,481677209004008,-95.0726955,29.456607
480922847,AE,4.996719326257706,1213.0,RES,118382.918,481677256003009,-94.83689821,29.27012479
480983568,AE,12.96184157626152,1500.0,RES,55783.494,481677211004045,-95.03719625,29.475927647
480938243,AE,8.510588463964462,744.0,RES,76263.9521,481677218002041,-94.92477782,29.484578792
480937872,AE,7.702569256858825,1250.0,RES,121965.724,481677218002015,-94.9240765,29.4959905
480919163,AE,7.091365062427521,1676.0,RES,124590.243,481677243003021,-94.78324882,29.307856292
480935551,VE,4.736767583146095,4912.0,RES,525021.776,481677238002075,-94.91434078,29.293437282
481129627,AE,12.14442173078537,1273.0,RES,104563.485,481677211002027,-95.03819835,29.473813753
480933808,VE,8.154982605018615,3639.0,RES,336897.144,481677260001047,-94.905753,29.2213655
480899236,AE,12.841217259197235,2308.0,RES,287082.894,481677212021001,-95.01062584,29.506283759
480984546,AE,11.382071259794236,1404.0,RES,128191.539,481677232001062,-95.03273215,29.360715246
481077380,AE,27.2492294821167,4231.0,RES,522279.611,481677201001021,-95.20109477,29.545040427
481123408,AE,10.163936101703644,1436.84,RES,233196.52,481677248002007,-94.7924455,29.2910975
481142642,AE,4.996719326257706,1495.0,RES,189797.934,481677240002093,-94.86240319,29.293304421
481164611,AE,4.996719326257706,1584.0,RES,274957.44,481677256003011,-94.83704449,29.27255446
481008769,AE,5.0032809217786784,896.0,RES,145575.895,481677261002142,-95.06918454,29.129440676
480909857,AE,6.70302279838562,1360.0,RES,193743.935,481677239002025,-94.63146156,29.458033692
480955703,VE,5.193570711846352,1890.0,RES,220512.786,481677261001128,-94.9777265,29.179718
481086003,AE,8.419333906335831,1248.0,RES,103314.847,481677242003004,-94.76867008,29.315636705
481156030,AE,10.819648227844239,755.0,RES,88811.8459,481677254001044,-94.819162,29.2831795
481089140,AE,6.866697783946991,2409.0,RES,168435.592,481677246002055,-94.8127385,29.295942
480987717,AE,10.949169437971115,2490.0,RES,279918.394,481677214003023,-95.04292103,29.535600692
481113034,AE,4.996719326257706,1190.0,RES,168267.337,481677258001003,-94.84333641,29.272361076
480916939,AE,8.8353000299263,1376.322,RES,226843.981,481677244004026,-94.79265828,29.29680763
480900676,AE,12.38693989695549,4960.0,RES,466085.817,481677212021001,-95.02334763,29.500870826
480918156,AE,8.84571754547119,3377.43,RES,542066.186,481677247002009,-94.8032695,29.293955
480984657,AE,15.002309661006928,840.0,RES,140291.141,481677211004001,-94.99784481,29.495695584
481170661,VE,10.083343110141755,2094.0,RES,256192.071,481677239002039,-94.62916137,29.458054058
480967309,AE,10.993240112495423,1400.0,RES,110408.592,481677237001035,-94.99887438,29.344608519
481129196,AE,13.329598335227967,1833.0,RES,154695.604,481677232002025,-95.00086178,29.353443394
481171424,AE,10.435137244110107,2742.0,RES,221750.239,481677232001065,-95.03410795,29.358010014
481150731,AE,12.271126973352432,973.251,RES,40686.2613,481677211002014,-95.04077802,29.477435254
480928614,AE,4.996719326257706,2380.0,RES,253563.134,481677257001016,-94.84423036,29.268195497
481111671,AO,14.634486413917541,3632.0,RES,336436.471,481677250003025,-94.8073822,29.278484968
480910919,VE,10.00305752837181,2800.0,RES,301714.694,481677239002025,-94.622943,29.4576345
481012955,AE,12.30455250828743,2920.0,RES,303260.414,481677208002022,-95.07480982,29.464332508
481161887,AE,10.122359905109406,5192.0,RES,334952.073,481677248001027,-94.797089,29.2915945
481143989,AE,14.521921239566803,1065.0,RES,94252.583,481677236002023,-95.01033959,29.345468108
480950302,AE,5.9410689094924924,580.0,RES,115762.45,481677261001101,-94.943216,29.202757
481131542,AE,4.99999992846489,1612.0,RES,181495.451,481677238001106,-94.94141387,29.332812468
480910955,VE,9.875979952316284,1632.0,RES,214700.176,481677239002025,-94.5857655,29.4749575
481120582,AE,12.133059301681518,1519.0,RES,116462.62,481677208003040,-95.07248017,29.461883454
481010075,AE,14.306698403396606,1395.0,RES,110194.205,481677211002016,-95.04200974,29.476957447
480919427,AE,6.822756956815719,2028.63,RES,323194.236,481677246002043,-94.809555,29.2980915
481089974,VE,5.95079377523899,2300.0,RES,252159.81,481677260001051,-94.8893745,29.2323565
480912947,AE,2.46295551987648,1632.0,RES,141358.847,481677239004120,-94.65098099,29.464695665
481008826,AE,10.223856762523651,2242.0,RES,248436.645,481677209002014,-95.0681905,29.449748
480911151,VE,8.985525641536713,2106.0,RES,306283.857,481677239002065,-94.59468743,29.469779813
481073037,AE,19.440915950107573,2625.0,RES,302561.541,481677202001000,-95.17256979,29.502066135
480990432,AE,14.154338914146424,1500.0,RES,55783.494,481677211002022,-95.044832,29.472465
480999081,AE,13.949674391899109,1746.0,RES,209271.098,481677209002003,-95.05266536,29.447602366
480927038,AE,4.940334269151688,1302.0,RES,176436.851,481677253001022,-94.83003038,29.280413282
480929160,AE,4.996719326257706,1943.0,RES,161616.115,481677258003046,-94.8459025,29.2771005
481127159,AE,8.569064376983642,1707.0,RES,126309.688,481677253002023,-94.82080284,29.288146662
481098373,AE,13.316540067882539,1280.0,RES,122077.409,481677212011004,-95.0285905,29.5287875
480927156,AE,5.255134411516189,8289.11,RES,675214.455,481677256002015,-94.83290858,29.267805845
480939307,AE,5.64807960919857,1991.33,RES,66576.7991,481677218004009,-94.92738313,29.479640252
480914193,AE,1.8956972369623184,1164.0,RES,115646.882,481677239004139,-94.7031174,29.430391576
481119009,AE,12.052451448068618,1616.0,RES,140258.829,481677211004027,-95.029143,29.476159
480979699,AE,6.705489898853302,1524.0,RES,191850.922,481677215004050,-95.027977,29.5414805
481127464,AE,8.7948228428936,1498.0,RES,115432.182,481677254003046,-94.82502816,29.281269679
481007039,VE,4.484767428431511,3836.0,RES,349565.571,481677261002031,-95.07062682,29.132905532
481098303,AE,10.951788287801742,1446.0,RES,186188.244,481677211004018,-95.0244775,29.473528
481146615,AE,9.454633766260146,4332.0,RES,251996.26,481677247002019,-94.79656089,29.294343282
481037047,AE,15.619333521728516,1830.0,RES,242932.714,481677206001004,-95.1089829,29.447428401
481161260,AE,6.407415430474281,6516.1309,RES,1038255.12,481677245001049,-94.7960637,29.305496392
481119888,AE,7.931074855566025,896.0,RES,145575.895,481677215002018,-95.05026028,29.549087604
480907005,AE,4.996719326257706,960.0,RES,103162.014,481677258002006,-94.8337207,29.277674162
480929030,VE,4.3527947621011736,1824.0,RES,215474.174,481677258003032,-94.871384,29.28269
481152993,AE,8.13108833806038,5016.0,RES,276978.688,481677243001050,-94.77870759,29.307698971
481142999,VE,6.16347911175251,1128.0,RES,163881.846,481677260001063,-94.91296878,29.217791367
480961969,AE,14.629387948207855,1288.0,RES,175470.001,481677217006016,-94.98369214,29.497736678
481124684,AE,8.896607554769515,3165.54,RES,510674.466,481677244001007,-94.7865732,29.297392341
480922398,AE,9.77117667965889,1986.0,RES,148352.221,481677250001000,-94.8060598,29.2884759
481131645,AE,13.438965821971893,2403.0,RES,272630.946,481677208004022,-95.07743081,29.455693716
480909736,VE,7.576442852067947,1476.0,RES,202550.708,481677239002025,-94.65165521,29.445505123
481092063,VE,6.01980727353096,1296.0,RES,176024.963,481677260001058,-94.91381018,29.21724587
480944766,AE,6.56204216471672,2997.0,RES,291675.373,481677261001018,-94.93805977,29.218907361
480947637,AE,10.548492453804016,600.0,RES,65449.152,481677218004000,-94.918693,29.481382
481116274,AE,10.016405996818543,1140.0,RES,98054.3275,481677226001006,-94.96153361,29.384962531
481045224,AE,11.913057142791748,2337.0,RES,181306.4,481677213003002,-95.08758874,29.521703302
480899438,AE,12.239109422197341,4809.0,RES,456930.813,481677212021001,-95.02686812,29.499960256
480921608,AE,8.588231729507447,2866.0,RES,283076.913,481677255002007,-94.82468706,29.274396474
481125573,AE,14.816701417007446,1565.63,RES,245699.976,481677218001018,-94.91266261,29.494935343
480945208,AE,3.661053113245964,840.0,RES,159236.017,481677238003034,-94.9391925,29.327164537
480913846,VE,5.535545723376274,1471.0,RES,202155.936,481677239002126,-94.699912,29.4147185
480911052,VE,9.662887082719802,1134.0,RES,176651.846,481677239002055,-94.58709359,29.474446202
480981304,AE,6.691154277334213,1561.0,RES,194380.259,481677215004019,-95.02939263,29.543823149
480919590,AE,6.733066825609207,1120.0,RES,108138.508,481677246002042,-94.81038454,29.297970201
480921695,AE,11.641554848299027,975.0,RES,151627.554,481677249002002,-94.8005795,29.2878525
481122982,VE,4.927821595520973,1240.0,RES,172001.55,481677239003008,-94.756613,29.3865725
480910619,VE,8.788803712234497,1812.0,RES,230627.669,481677239002025,-94.60299665,29.469114832
481144125,AE,12.17338239271164,3517.0,RES,243712.553,481677215001041,-95.05723395,29.544704201
481101057,AE,11.662942904129029,1485.0,RES,132927.559,481677209003021,-95.06778465,29.460386584
480896621,AE,15.341217614536285,4051.0,RES,369352.084,481677205012008,-95.13248654,29.499774134
481016698,AE,3.9874616907691953,1188.0,RES,168133.387,481677261002075,-95.05147956,29.137690184
480901481,AE,12.608400883483887,3056.0,RES,340244.421,481677212021001,-95.035726,29.50436574
480936428,AE,4.612935018596649,1844.0,RES,217021.369,481677220012002,-94.91986716,29.417402137
480953712,AE,7.019536769895554,1114.5,RES,46783.1357,481677218003023,-94.94585,29.4825885
481157191,VE,8.76960428896904,1904.0,RES,243363.072,481677239002085,-94.625237,29.455966
481170935,AE,4.99999992846489,2296.0,RES,195995.681,481677238001068,-94.94047908,29.335523798
480895580,AE,14.196204529628753,3130.0,RES,321183.053,481677205012008,-95.12836176,29.504523451
481094295,VE,5.268731232657433,988.0,RES,152513.269,481677218003032,-94.94641591,29.477230632
481166569,AE,11.893484603824616,810.0,RES,92774.1729,481677209003027,-95.05556274,29.463538917
481112692,AE,6.394054837722778,2494.0,RES,163276.139,481677256002004,-94.82634999,29.275282182
481077435,AE,27.995295056266784,3891.0,RES,387065.361,481677201001021,-95.20337491,29.546278594
481142468,AE,7.1336272600078585,776.0,RES,77463.9653,481677254003004,-94.82715963,29.283910995
481099538,AE,4.461635037140846,1492.0,RES,189582.018,481677261002085,-95.0439,29.1446165
480945600,AE,12.188781824197768,1496.0,RES,133548.346,481677218001014,-94.91715438,29.492245707
481000355,AE,4.644737461118698,1858.0,RES,223749.586,481677261002029,-95.05204433,29.138511005
481111471,AE,9.858467762947082,2538.0,RES,173835.556,481677247002051,-94.80065893,29.291320712
481027557,AE,21.17635921098709,4960.0,RES,433568.202,481677233003034,-95.08695969,29.412332074
481113900,VE,3.3929776948308943,2000.0,RES,246171.36,481677238002042,-94.90402182,29.300543927
481157022,AE,11.87613276816368,1548.0,RES,117858.887,481677209003003,-95.05881071,29.4672472
480919939,AE,9.123749755849838,2206.0,RES,175403.196,481677244001043,-94.78682661,29.294462045
480945906,AE,6.887558628072739,1604.0,RES,204357.193,481677261001126,-94.9422685,29.202192
480913397,VE,6.719375747776032,1610.0,RES,212647.851,481677239002141,-94.68619854,29.424739273
481119377,AE,7.75481014837265,1604.0,RES,197287.565,481677215004072,-95.03398475,29.545885535
480922579,AE,9.849109364089966,672.0,RES,82614.5187,481677250001002,-94.80834943,29.287711738
481026946,AE,12.576163530416489,1835.0,RES,154823.82,481677213003009,-95.09083545,29.516496837
480990217,AE,11.394917547359466,2240.0,RES,152549.591,481677236002078,-95.012645,29.340617
480982788,AE,12.430439555835724,3754.86,RES,482758.472,481677211004050,-95.032396,29.4802665
480914123,VE,6.145941891560555,1980.0,RES,247711.884,481677239002126,-94.69134483,29.420607864
480923675,AE,4.996719326257706,1560.0,RES,194313.225,481677257001007,-94.84059061,29.269277035
480980039,AE,13.056332149944305,1448.0,RES,130800.189,481677237001026,-94.99524022,29.347375329
481153287,AE,8.050654135780334,3862.69,RES,216942.289,481677251001001,-94.80518901,29.295864471
480936347,AE,10.02977323838234,1500.0,RES,115531.02,481677218001031,-94.91970194,29.490677241
481154815,VE,8.684778741722107,1166.0,RES,166626.863,481677261002114,-95.0502565,29.1358825
480953170,AE,12.674762287883759,1452.0,RES,186639.754,481677217006053,-94.9638765,29.49093
481161109,AE,8.89728182255745,1464.0,RES,137467.983,481677253002035,-94.82120954,29.287361212
481031532,AE,5.0032809217786784,810.0,RES,137250.851,481677261002140,-95.070191,29.1273415
481113082,AE,4.996719326257706,2292.0,RES,183947.406,481677258001003,-94.84302462,29.27230168
480892722,VE,7.427527447586059,11991.375,RES,395080.071,481677261002033,-94.992882,29.1725245
481117713,AE,6.158560163974762,2815.0,RES,205090.777,481677232002028,-94.99418655,29.352842313
481110490,AE,5.038038174705505,1056.0,RES,109119.656,481677242001009,-94.77128452,29.322509192
481138581,VE,3.3340649157333373,6980.0,RES,555610.233,481677258003034,-94.86975587,29.281030302
481134058,AE,14.983253382759095,1439.0,RES,130273.566,481677236001049,-95.0387295,29.343205
480933861,VE,7.151142578229904,4473.0,RES,386613.381,481677260001047,-94.88785588,29.232472098
481086182,AE,6.133260650982857,1565.0,RES,201366.606,481677242001007,-94.77224803,29.320473831
480911064,VE,8.00573632434845,1640.0,RES,215440.772,481677239002055,-94.5891898,29.474654742
480972091,AE,8.68741558245659,2118.28,RES,176168.347,481677237002010,-95.009922,29.3493035
480913736,VE,4.990157730736732,1907.0,RES,238412.867,481677239002126,-94.7085511,29.405791804
480914049,VE,4.928837299375534,1977.0,RES,243874.791,481677239002126,-94.7056775,29.4074375
480912098,VE,8.845124627857208,2332.0,RES,269521.894,481677239002197,-94.6089905,29.465738833
481089790,AE,4.996719326257706,1064.0,RES,109632.636,481677258003056,-94.84153368,29.27646998
481141608,AE,10.516881653518677,814.0,RES,79973.4096,481677244003029,-94.777638,29.3012625
481097535,AE,14.12178007144928,1360.78,RES,52213.3079,481677236002041,-95.0047925,29.3418215
481018511,AE,12.128075039100647,1313.0,RES,123787.633,481677213004015,-95.082026,29.52399
481124530,AE,8.999394281768799,644.0,RES,80501.2776,481677243005015,-94.77610489,29.307614086
480964564,VE,4.0635733828449245,1275.0,RES,174554.104,481677261002046,-95.0376927,29.142453169
480896595,AE,16.387739105186462,2924.0,RES,305658.536,481677205012008,-95.13751722,29.504356627
480926299,AE,5.0096340574789044,1112.0,RES,112611.457,481677253001022,-94.82918822,29.281537757
480993613,A,14.774361780319214,1235.06,RES,48706.7329,481677211004059,-95.05427165,29.477040016
480909743,VE,10.178361677742004,2349.0,RES,270616.587,481677239002025,-94.6108975,29.462567
481089210,AE,5.817074817914963,1224.0,RES,179525.255,481677240002029,-94.81608219,29.297978375
481119649,AE,5.840530654368401,1320.0,RES,177650.225,481677261002098,-95.0444075,29.1415415
481147959,AE,8.804217223558426,1703.82,RES,257579.255,481677247001054,-94.80020128,29.295156603
480980108,AE,11.803939182062148,2257.0,RES,283703.252,481677212021032,-95.03025483,29.501171238
481089962,AE,5.015441599464417,1950.0,RES,162047.457,481677259002003,-94.87178855,29.250171949
480923666,AE,4.996719326257706,1582.0,RES,195770.943,481677257001007,-94.8395505,29.269695
480936798,AE,4.996719326257706,917.0,RES,100575.571,481677220012017,-94.92174934,29.416351368
480909095,VE,10.055344570465088,1344.0,RES,192657.255,481677239002025,-94.62664278,29.458647409
481017996,AE,11.842007152404785,964.0,RES,88927.001,481677209001025,-95.0520545,29.4631885
480920033,AE,6.276755317912102,3585.23,RES,548369.413,481677246002024,-94.81291432,29.297908202
480964419,VE,3.847032517414093,2766.0,RES,278989.613,481677261002046,-95.0073742,29.160923934
481077383,AE,25.900856606597902,4267.0,RES,371919.98,481677201001021,-95.20200545,29.545729562
480961793,AE,3.7700294933843614,1440.0,RES,185734.08,481677261001165,-94.98506357,29.192386588
481011244,AE,10.632414544792175,2407.0,RES,255184.546,481677209002015,-95.07100393,29.4462241
480972454,AE,13.444011097183228,1956.606,RES,166276.395,481677232002017,-95.013659,29.3585495
481077359,AE,25.408861705532075,2941.0,RES,320544.323,481677201001021,-95.19879201,29.540691612
481030483,AE,10.352462783193587,1091.0,RES,95612.7756,481677208003030,-95.06416354,29.466542165
480912794,AE,6.548074574513436,618.071,RES,127601.707,481677239002081,-94.633757,29.4565585
481170612,AE,5.943131214623452,288.0,RES,63255.7209,481677239004115,-94.63805296,29.460736307
480937653,AE,5.240254760708809,1060.0,RES,109376.736,481677220012018,-94.92351951,29.419488356
481085834,VE,4.927821595520973,1200.0,RES,168929.568,481677239003022,-94.759822,29.384857
481154937,A,17.438101262702943,640.0,RES,113268.307,481677207003086,-95.0748582,29.490758469
481134777,AE,14.29333194404602,1569.0,RES,194913.876,481677213004011,-95.07576849,29.527529209
480948691,AE,4.130530833711624,1906.0,RES,221705.258,481677261001014,-94.95177818,29.217152343
480999443,AE,3.1510348464775086,1566.0,RES,201443.335,481677261002073,-95.05446696,29.139193734
481099661,AE,10.020612739467621,1294.0,RES,175886.842,481677215002029,-95.04917148,29.542921451
480916579,AE,8.96826376039505,1008.0,RES,105942.719,481677244001009,-94.78937262,29.296679721
481153655,AE,7.706187775173187,875.0,RES,97703.865,481677253001037,-94.8301217,29.286823959
480904004,AE,11.970531040687561,2006.0,RES,246621.566,481677214003015,-95.04116119,29.537736583
480896312,AE,14.057100425453186,2362.0,RES,270246.823,481677205012008,-95.1290914,29.50356645
480955072,AE,5.0260722681093215,1280.0,RES,200003.174,481677238001096,-94.94329033,29.336911211
481146289,AE,9.981065603942872,2299.8,RES,311973.553,481677244001001,-94.78021929,29.299019143
481085893,AE,8.069300534305572,1136.0,RES,114037.187,481677242003004,-94.76828521,29.315799936
481163959,VE,4.977034148588181,1271.0,RES,174268.781,481677261002009,-95.08407168,29.114642077
481167729,AE,10.25861909983635,2081.0,RES,237387.002,481677215001004,-95.063294,29.5522045
481112089,AE,11.361499834556579,1364.0,RES,115511.562,481677254004014,-94.81627278,29.282044635
481123738,AE,11.938202168674469,897.0,RES,99287.7344,481677250002003,-94.80845004,29.283068717
480937835,AE,5.40482303375721,2763.24,RES,456724.435,481677218002015,-94.9298088,29.493243194
481166069,AE,13.381696863937378,624.0,RES,119319.818,481677202002011,-95.18475451,29.519902627
480957708,AE,4.996719326257706,1820.0,RES,215162.613,481677261001093,-94.97516045,29.188510827
481159744,AE,13.354956123104095,508.0,RES,61269.4866,481677208003002,-95.0637009,29.472593361
480909745,VE,10.044094780063629,1280.0,RES,188026.569,481677239002025,-94.61575873,29.460202633
481015700,AE,13.282990943260193,864.0,RES,83293.7748,481677209001037,-95.04880766,29.459775754
481050954,AE,15.514886156082154,1916.0,RES,239983.938,481677205012000,-95.12369024,29.505422835
481019921,AE,14.491730938472747,1875.0,RES,235838.404,481677206002088,-95.08436925,29.447019602
480921506,AE,8.624933173370362,1352.026,RES,224207.811,481677247001039,-94.79745678,29.296962047
480964495,VE,5.693467139663697,1760.0,RES,217149.672,481677261002046,-95.04033966,29.140823495
481127466,AE,4.996719326257706,1224.0,RES,170792.569,481677261001081,-94.9468575,29.2077785
481141840,AE,9.618857865495682,1719.0,RES,207061.194,481677248001024,-94.788953,29.292956
480909804,VE,10.000247818517686,2573.0,RES,285627.943,481677239002025,-94.57524704,29.477776904
481123715,AE,9.247867437114715,1453.0,RES,113169.378,481677251003001,-94.80753545,29.289985796
481045632,AE,5.0409597410488125,1662.0,RES,209259.998,481677261002127,-95.08894928,29.109266659
480990677,AE,11.655585406665802,3117.0,RES,301516.183,481677214001000,-95.0502103,29.540650211
481085516,VE,3.0441561666178703,901.602,RES,146065.935,481677239004107,-94.59959888,29.476465129
481115678,AE,7.206818950166702,1000.0,RES,153304.32,481677261001053,-94.93337647,29.206281831
481157610,AE,9.602904627056121,1762.0,RES,129308.022,481677244003026,-94.7811342,29.300367385
480908962,VE,6.355942281227112,1302.0,RES,189669.614,481677239002025,-94.66396144,29.43717083
480995717,A,16.1036658621788,1454.0,RES,131149.28,481677211001002,-95.04884077,29.473187663
481170532,VE,4.087441054553985,225.0,RES,53124.9219,481677239002025,-94.65943665,29.437811528
480922129,AE,9.620025709819794,1494.0,RES,115234.066,481677247002063,-94.80522522,29.290095872
481005173,VE,5.338425256443023,1280.0,RES,174908.436,481677261002110,-95.06084231,29.129764098
480953316,AE,10.190148848619462,617.587,RES,29771.9532,481677226001005,-94.96437814,29.390648911
480922921,AE,9.230574267444611,2284.0,RES,183541.032,481677251003019,-94.81436045,29.287256793
480915077,AE,5.628519585642815,3427.0,RES,317949.088,481677242001001,-94.77329483,29.324866901
480912933,AE,4.102484579029083,804.906,RES,92372.0467,481677239004120,-94.667961,29.446502
480957720,AE,4.996719326257706,800.0,RES,136204.992,481677261001093,-94.97660142,29.18854632
480923623,AE,4.996719326257706,1925.0,RES,223106.614,481677257001024,-94.84039328,29.264893884
480923481,AE,4.996719326257706,770.0,RES,89895.2947,481677258001001,-94.84206968,29.273989461
480923829,AE,4.996719326257706,3055.36,RES,390757.095,481677258001009,-94.84243482,29.272222007
480961043,AE,3.9718424573707583,1660.0,RES,202119.953,481677261001132,-94.98556109,29.198291922
480911124,VE,8.913985203466416,1421.0,RES,198099.268,481677239002059,-94.59337665,29.472429683
481020674,AE,7.230354181261062,2188.0,RES,192291.613,481677215001023,-95.053951,29.5501875
480896086,AE,15.164008775997162,3765.0,RES,364490.418,481677205012008,-95.13030631,29.500581466
480945674,AE,10.053137946996689,1157.56,RES,52793.0688,481677218001014,-94.9153195,29.4945465
480970205,AE,13.244236971931457,910.0,RES,79814.0616,481677237002016,-95.00587338,29.346475516
480926317,AE,4.854437872018814,1455.0,RES,131207.308,481677253001022,-94.8292725,29.2807315
480922666,AO,14.79119031534195,3000.0,RES,485905.875,481677250003027,-94.80891729,29.277673091
481068312,AE,25.57039968460083,450.0,RES,64343.592,481677234004000,-95.1635584,29.425458253
481089451,AE,9.543868649377822,1968.0,RES,226219.156,481677255002018,-94.823291,29.2727125
481013085,AE,4.774631786947251,1021.0,RES,155180.466,481677261002019,-95.046123,29.145915
480947092,AE,4.940160226712226,1260.0,RES,173475.63,481677238003033,-94.93491041,29.32859888
481167968,AE,12.559594690179825,1267.0,RES,104266.752,481677236002074,-95.00705598,29.340576306
480980405,AE,12.974608860292435,2030.0,RES,267035.529,481677212021032,-95.029182,29.4953215
481118762,AE,11.700488356046677,2290.0,RES,248151.97,481677215004064,-95.0223475,29.542978
481141913,AE,9.094446484537125,786.0,RES,91021.7276,481677247002058,-94.79538145,29.295718684
480906957,AE,10.585574053287505,2526.0,RES,262815.779,481677255002013,-94.82242986,29.272322822
480926131,AE,4.896465405635833,1770.0,RES,211208.393,481677257002002,-94.84814167,29.266947823
481164670,AE,7.092595483808517,1164.0,RES,115646.882,481677252002030,-94.82882913,29.288013913
480927216,AE,4.996719326257706,912.0,RES,146911.765,481677240002068,-94.83623609,29.292471695
481167445,AE,8.490785954313278,1574.0,RES,144606.584,481677213004001,-95.07637199,29.53542465
480924128,AE,4.996719326257706,1269.0,RES,121491.281,481677258001004,-94.84475283,29.273330133
480964619,VE,4.075109854388237,2728.0,RES,277066.897,481677261002046,-95.00877991,29.160132237
480935728,VE,4.54105705552578,1960.0,RES,241247.932,481677238002060,-94.91557524,29.296196098
480945347,AE,4.9669201317691805,1411.0,RES,183501.548,481677238003044,-94.93917961,29.324874462
480950312,VE,5.310600759205818,4333.0,RES,378983.837,481677261001101,-94.94729495,29.197906694
480929907,AE,4.996719326257706,1829.0,RES,215862.631,481677257002008,-94.84825468,29.262476612
480926242,AE,4.996719326257706,1400.0,RES,110408.592,481677258002026,-94.8292434,29.277175602
481137736,AE,9.562396933708191,2173.0,RES,188943.33,481677253002055,-94.82128427,29.286077546
481155708,AE,9.37131945493698,1111.0,RES,96628.5641,481677253002052,-94.820265,29.286654
481033732,AE,11.589044093227386,2117.15,RES,185211.076,481677209004010,-95.073275,29.4562115
481087485,AE,8.815931648607254,1459.25,RES,235471.475,481677247001035,-94.7951175,29.296536
480910450,VE,10.008303050165177,1705.0,RES,221345.323,481677239002025,-94.58078017,29.476036391
481044371,AE,12.912155393095016,1288.0,RES,122498.642,481677213003003,-95.08623702,29.517251837
481013033,VE,4.448813389291764,864.0,RES,142618.301,481677261002019,-95.04754914,29.147825663
480957744,AE,5.063187502760887,1008.0,RES,154025.557,481677261001093,-94.97609358,29.187920447
480939062,AE,7.460425770816803,3897.0,RES,129999.468,481677218002027,-94.92675443,29.489080791
480998969,AE,11.732958026437759,2954.0,RES,288894.812,481677215002027,-95.0522077,29.544421812
481034840,AE,11.943255266017914,2714.0,RES,293917.983,481677208004019,-95.07707576,29.457404273
481023503,AE,13.994654780387878,1699.0,RES,228219.248,481677206002039,-95.08846791,29.445588547
481168376,A,10.021791534776687,1148.0,RES,114734.132,481677238001012,-94.9633374,29.357700219
480999200,AE,11.2633954358387,1467.0,RES,187756.923,481677209002003,-95.06100903,29.452504219
481122877,AE,1.7441708047819138,1967.89,RES,226211.298,481677239004106,-94.64700742,29.46238913
480923452,AE,4.996719326257706,2524.0,RES,262691.404,481677257001013,-94.84086704,29.262215689
480945995,AE,8.118492358722687,1920.0,RES,222739.384,481677261001126,-94.94016601,29.20305201
480920344,AE,11.912314040241242,1316.0,RES,123939.526,481677254004022,-94.81596729,29.280643128
480981283,AE,7.364678180503845,1303.0,RES,190881.773,481677214003028,-95.03395361,29.538720765
480980326,AE,12.17521433605194,1818.0,RES,249728.064,481677212021032,-95.027922,29.495916
481111477,AE,8.444585313215256,2212.78,RES,302216.714,481677247001014,-94.801328,29.2958495
481012106,AE,13.719343889770508,748.0,RES,137933.433,481677208002025,-95.06990862,29.474326476
480959551,AE,4.996719326257706,1288.0,RES,175470.001,481677261001153,-94.9790085,29.186501
481015715,VE,6.34638128914833,3244.0,RES,309772.487,481677215002002,-95.0471805,29.549727036
481137611,AE,9.636892573289872,2360.0,RES,269957.114,481677254001016,-94.8153345,29.2857475
481012631,AE,4.4801977388525005,2564.0,RES,268158.442,481677261002083,-95.044899,29.1433845
480964481,VE,1.2704641463673114,1041.0,RES,156915.9,481677261002046,-95.03778126,29.142153443
480921370,AE,8.439142673692704,1705.81,RES,249107.071,481677247001029,-94.79668378,29.297436101
481142656,AE,4.99673027724266,2128.0,RES,171648.007,481677259001039,-94.8729685,29.2604585
480982561,AE,13.712332130546569,1424.26,RES,240597.417,481677211004034,-95.03379724,29.47922696
481111210,AE,11.666178920183182,1945.0,RES,146758.944,481677248002016,-94.793946,29.2901585
480944038,AE,10.826740555028916,2995.0,RES,293754.386,481677261001018,-94.93813886,29.216210472
480932892,VE,4.996719326257706,3144.0,RES,354169.064,481677260002032,-94.93596793,29.2266938
480977428,AE,11.712212949867249,1286.0,RES,105200.033,481677211003002,-95.0242745,29.468515468
480971816,AE,4.9781315937232975,1032.0,RES,156141.157,481677261001160,-94.97942567,29.191979898
481094877,AE,9.123274952430725,2885.62,RES,469159.622,481677218003011,-94.96418992,29.486092209
481013047,VE,4.749187955617905,1586.0,RES,202963.996,481677261002019,-95.046928,29.1480355
481098705,AE,13.454090696620941,1166.0,RES,115759.649,481677236001034,-95.02772279,29.350092411
480977321,AE,11.365282617645263,3562.0,RES,241091.212,481677211004015,-95.02542558,29.487746433
480979386,AE,10.894260417194367,1346.0,RES,108024.96,481677211003009,-95.0290518,29.473027242
480906260,AE,5.756638287482262,4228.19,RES,375313.086,481677256002011,-94.8272075,29.269287
481011216,AE,12.234452124738693,1695.0,RES,215323.26,481677208002026,-95.06866177,29.473753816
480928612,AE,4.996719326257706,2637.0,RES,269510.614,481677257001016,-94.84439162,29.268680668
480919367,AE,7.323026109228134,4176.0,RES,245922.535,481677243003040,-94.78627283,29.306030831
481087392,AE,8.750311000118256,504.0,RES,61039.648,481677247001033,-94.7944355,29.2970805
481017014,AE,11.83031775817871,2199.0,RES,260183.203,481677208004021,-95.07950271,29.457338901
481156068,AE,8.757336839179994,952.0,RES,88325.2226,481677253002058,-94.82415727,29.285644608
481089855,AE,4.996719326257706,938.0,RES,148943.047,481677257002010,-94.846665,29.260421
480990406,AE,14.173274731559752,1129.61,RES,45558.7154,481677211002022,-95.04481675,29.472840918
481134723,VE,9.581180219545365,2994.0,RES,315716.11,481677239002036,-94.607882,29.4653025
480916883,AE,9.284127712726592,2614.0,RES,198933.412,481677248001003,-94.7911799,29.294303082
481007047,VE,5.175476946954727,1344.0,RES,179216.052,481677261002031,-95.06219078,29.129947113
481011262,AE,12.122231124200821,2078.0,RES,145238.699,481677209003057,-95.0708334,29.458908826
481171085,AE,6.18743439134121,1290.0,RES,189205.538,481677239004116,-94.63987482,29.459337505
480925782,AE,4.886247745566368,4460.12,RES,682485.974,481677258001005,-94.8456593,29.270515832
480942033,AE,4.999473890080452,1432.0,RES,212565.873,481677238003029,-94.93743972,29.325672268
481093733,AE,8.49257409371376,1411.0,RES,183501.548,481677261001067,-94.9370135,29.2069405
481089975,VE,6.114004908366203,2760.0,RES,278689.564,481677260001051,-94.8893165,29.232258
480904069,AE,8.452627247238159,1923.0,RES,240513.461,481677214003015,-95.04086041,29.540593635
480948764,AE,3.892475585017204,2643.0,RES,272573.441,481677261001014,-94.94651521,29.217108943
480938144,AE,6.911136098680497,1700.65,RES,67139.8657,481677218004006,-94.92512521,29.481240801
480937812,AE,5.31005985877037,1105.53,RES,45373.5561,481677218002015,-94.929616,29.4916515
480912999,AE,3.0264312152552604,1472.0,RES,132187.003,481677239004120,-94.6673485,29.4510265
480954993,AE,4.5400264896202085,1143.0,RES,164987.019,481677238003019,-94.94349353,29.33001823
480914152,VE,5.384401402349472,1368.0,RES,194276.627,481677239002126,-94.70106951,29.412364668
480936373,AE,3.849294678020477,1600.0,RES,196937.088,481677260002051,-94.91941,29.225997
481096581,AE,3.6433829168081284,2400.0,RES,258258.816,481677261001138,-94.98700843,29.197008826
481001197,VE,3.111547745816708,1936.0,RES,228134.281,481677261002066,-95.05627327,29.138695161
480892350,AE,5.054347711262703,3210.0,RES,304875.582,481677261002033,-95.03668219,29.147885037
481127487,AE,7.171860277338028,1666.0,RES,143677.589,481677252002014,-94.8262701,29.289795909
480920317,AE,7.342535288925171,1309.0,RES,127530.152,481677252001020,-94.8171452,29.292229393
481155770,AE,9.085306323165893,2330.0,RES,185855.138,481677243002016,-94.7787715,29.3044465
480982327,AE,12.561498597135543,1335.0,RES,207529.476,481677212021023,-95.03057319,29.505603199
480966137,AE,14.80783737689972,1800.0,RES,213594.192,481677217006050,-94.96264165,29.494197589
481077373,AE,27.229442616729735,3740.0,RES,412540.497,481677201001021,-95.20069436,29.542884099
481137449,AE,10.805584816522599,938.0,RES,101862.554,481677249002005,-94.80433028,29.287037605
481003965,AE,11.919425140542984,8756.0,RES,761515.624,481677215004018,-95.02909138,29.546767737
481002452,VE,6.042705783071518,960.0,RES,150568.427,481677261002067,-95.05662571,29.131946948
480939061,AE,5.157157904658318,912.0,RES,101515.72,481677218002027,-94.93134879,29.485615444
480912483,AE,4.958121015357971,1080.0,RES,108256.435,481677239004114,-94.64128466,29.464687498
480896786,AE,13.090647061300277,3960.0,RES,369504.685,481677205012008,-95.14167975,29.503275012
481094019,AE,9.937551865224838,1832.62,RES,74003.5781,481677218002025,-94.9420013,29.49541676
481167123,AE,13.782703159866333,1000.0,RES,41430.972,481677211002024,-95.04428522,29.474249371
480926994,AE,4.898263322701454,2364.0,RES,182460.207,481677253001022,-94.83091544,29.279951758
481127270,AE,8.870480851306915,3013.86,RES,487987.849,481677253002050,-94.82187825,29.287189895
480949878,AE,10.805115488595963,2534.0,RES,193497.097,481677218002003,-94.94640296,29.5032372
480957263,AE,5.317115421934128,1535.0,RES,192613.427,481677261001096,-94.9741515,29.1864625
481110704,AE,9.154634662275313,4268.24,RES,670490.607,481677243002024,-94.77934679,29.303760584
480948615,AE,4.206762595515251,2070.0,RES,236593.709,481677261001014,-94.9478605,29.217391
480919933,AE,7.210614248666763,1486.0,RES,114836.064,481677243003024,-94.7868365,29.3074555
480976559,AE,12.001910305862427,2290.0,RES,179246.653,481677210001014,-95.0314361,29.460883234
481031198,AE,11.978953130331039,3138.0,RES,190727.651,481677208003041,-95.07131116,29.462002108
481159974,A,14.858822033996582,1222.0,RES,101982.057,481677228002001,-94.95503942,29.36214182
481002763,AE,12.533171527910232,6148.0,RES,367037.075,481677215001000,-95.05218132,29.554505199
480978064,AE,13.94024872270584,2246.58,RES,306025.559,481677211003016,-95.027687,29.4666505
480913806,VE,8.702861946735382,1862.0,RES,234778.623,481677239002126,-94.69367209,29.423314771
481047421,AE,19.43295301961899,1055.0,RES,158100.884,481677234003007,-95.09325275,29.425758342
480964417,VE,3.2785739283275603,1248.0,RES,172596.135,481677261002046,-95.0337695,29.144745
481119349,AE,5.534560525836945,1536.0,RES,192682.303,481677215004028,-95.03425438,29.544327748
480979416,AE,12.278909994802476,3014.0,RES,215168.538,481677211004026,-95.0309165,29.485025
481073065,AE,14.524078583602906,5842.0,RES,505411.204,481677202001000,-95.16961399,29.504785266
481167881,AE,3.281842406229973,3492.0,RES,347416.79,481677215004019,-95.02956173,29.54950555
481119876,AE,7.337605781269073,1481.0,RES,194684.513,481677215002018,-95.05055929,29.54889539
480981303,AE,6.617993875703812,1418.0,RES,184046.11,481677215004019,-95.02934582,29.543161339
481111380,AE,11.79806397863388,1923.87,RES,273211.912,481677249002000,-94.7984795,29.2885715
481030738,AE,5.0032809217786784,1159.0,RES,166134.797,481677261002143,-95.06924126,29.128373453
481142448,AE,4.963685680141449,1104.0,RES,121077.393,481677254003058,-94.82689755,29.280208324
481022675,VE,5.013758276634216,2048.0,RES,231973.493,481677261002122,-95.08543326,29.111090963
481123617,AE,9.552268837051392,770.0,RES,77069.3246,481677247002054,-94.80307695,29.291585796
480892738,VE,4.871553870396614,2080.0,RES,237315.087,481677261002033,-95.00481577,29.171440353
481125715,AE,12.05243736823082,1287.0,RES,105248.637,481677248002028,-94.796318,29.289141
480912063,VE,7.1484236051082615,1600.0,RES,211707.369,481677239002102,-94.60809616,29.467960486
481146108,AE,13.395793910427093,2857.62,RES,465038.675,481677244001025,-94.78289831,29.295918536
481013401,AE,12.145956433105468,3310.0,RES,232524.603,481677213004001,-95.07724493,29.53259725
481016680,AE,4.529355536994934,1873.0,RES,224624.139,481677261002096,-95.0498385,29.138829
481018348,AE,13.986580775623322,2406.0,RES,278036.35,481677206002101,-95.0852789,29.443125755
480984592,AE,12.509750499944687,2574.0,RES,193176.378,481677232001062,-95.0388778,29.358731086
481134350,AE,4.631777361531258,1222.0,RES,170639.589,481677261002078,-95.04942125,29.141666057
481005524,AE,6.247457913198471,2528.0,RES,266070.26,481677215004036,-95.03348085,29.544626753
481093591,AE,7.513369089794159,1568.0,RES,194847.432,481677261001046,-94.935434,29.2081125
481064687,AE,20.443520862236024,1650.0,RES,276362.361,481677206001057,-95.15424547,29.429679696
480972242,AE,11.06800639784813,1800.0,RES,152567.28,481677210001003,-94.98216475,29.45863828
480982640,AE,12.425035244760513,1500.0,RES,55783.494,481677211001045,-95.03419963,29.467476007
481139102,A,15.012093583850861,1474.0,RES,122241.385,481677228002012,-94.95814766,29.363948864
480981214,AE,7.045295050935745,1237.11,RES,60957.5779,481677214003028,-95.029342,29.54021
481137662,AE,10.543521488847732,1776.33,RES,263176.081,481677254001028,-94.81993183,29.283727705
481152936,AE,11.94189421503067,2346.0,RES,157019.193,481677242003008,-94.76966566,29.314374349
480946027,AE,6.869062414484024,1611.0,RES,197899.197,481677261001126,-94.9420074,29.201560303
481097603,AE,14.209849456882477,900.0,RES,85570.344,481677236002020,-95.00646983,29.344859957
480909839,VE,9.686365994462967,984.0,RES,163662.22,481677239002025,-94.58212053,29.476762184
480982692,AE,10.50395714463234,1400.0,RES,127950.144,481677232001067,-95.03620949,29.359451938
480911866,VE,7.613081718873977,1428.0,RES,198679.126,481677239002116,-94.61352,29.465123
481112989,AE,4.996719326257706,1800.0,RES,213594.192,481677257001015,-94.84339556,29.262208188
481094305,VE,5.210836895160675,840.0,RES,140291.141,481677218003032,-94.94651038,29.477089598
480917699,AE,9.885480713977813,2066.78,RES,285485.153,481677244002028,-94.77546971,29.303762952
480923016,AE,4.996719326257706,1590.0,RES,196292.178,481677258003048,-94.83752856,29.277886803
481123815,AE,8.270509238586426,800.0,RES,79010.688,481677251002003,-94.8110775,29.291931
480918006,AE,9.015441385793686,1506.0,RES,115826.646,481677243002003,-94.7769955,29.3058165
481004359,AE,10.435871742315292,1500.0,RES,55783.494,481677209003013,-95.05835976,29.464355266
480957840,AE,5.71869156018734,866.0,RES,142808.015,481677261001149,-94.97731471,29.184364836
480947384,AE,4.449621024432182,1595.0,RES,196615.554,481677238003007,-94.94075949,29.327207193
480926051,AE,4.996719326257706,2180.0,RES,241092.417,481677257002007,-94.84740677,29.264627496
481144114,AE,4.870754839601517,768.0,RES,133292.681,481677261002080,-95.04799432,29.141753034
480912507,AE,5.349066093859673,1152.0,RES,114964.088,481677239004114,-94.63830317,29.462843829
481098783,AE,14.103044500617981,1371.48,RES,226322.537,481677236001015,-95.03182645,29.351531196
480955431,AE,16.486340209293367,1214.0,RES,170023.541,481677236003026,-95.03507705,29.336232372
481026562,AE,12.080901324768066,1464.0,RES,131727.562,481677213003011,-95.0903005,29.5167145
480919330,AE,9.00199435848236,2868.0,RES,186693.529,481677251002031,-94.8096715,29.290065
480976679,AE,11.980087339487076,2381.0,RES,188356.971,481677210001014,-95.02295184,29.462349483
481086069,AE,5.8863581797647475,1743.0,RES,148834.367,481677242001018,-94.76989591,29.317411793
480945089,AE,5.050142141933441,1512.0,RES,197205.016,481677238003034,-94.93623098,29.328732499
480918597,AE,8.746700303936004,5062.0,RES,278660.658,481677243002007,-94.78083929,29.304476565
480954100,AE,2.1891695539140703,2866.0,RES,283076.913,481677236003093,-94.96647951,29.289119792
481156463,VE,4.577165190668106,4477.0,RES,447554.493,481677238002055,-94.91814515,29.30134623
481085793,VE,5.587540217728614,1115.09,RES,175126.193,481677239002134,-94.701899,29.4120575
481142173,AE,8.255808323497773,1920.0,RES,145757.03,481677251001020,-94.80874594,29.293344788
480928574,AE,4.996719326257706,2576.0,RES,268843.889,481677257001016,-94.8434745,29.267614
480934161,VE,4.699262024102211,1802.0,RES,231004.447,481677238002078,-94.91303183,29.295632722
481016665,AE,4.520259570670127,1144.0,RES,165059.695,481677215002026,-95.05203081,29.548610984
480934122,VE,3.8956118688869474,1638.0,RES,215932.584,481677238002078,-94.91384078,29.294708094
480971805,AE,3.9513774131298063,1064.0,RES,158849.691,481677261001160,-94.98056717,29.192830971
481007045,VE,5.0032809217786784,1624.0,RES,199029.338,481677261002031,-95.064323,29.1301865
481157815,AE,9.617360709409713,944.0,RES,87916.9614,481677237001034,-94.98850536,29.343151971
480930038,AE,4.996719326257706,1388.0,RES,181932.368,481677240002091,-94.86352585,29.292416755
481139005,AE,9.134906462879181,1214.0,RES,170023.541,481677261001057,-94.93770658,29.205026368
480987704,AE,11.141259882850648,2676.0,RES,290739.549,481677214003023,-95.04191056,29.537971735
480973878,AE,3.142235143406391,816.0,RES,104575.716,481677210001007,-95.01164978,29.465437194
480917561,AE,9.86312506040573,1277.0,RES,104760.274,481677247002030,-94.79783127,29.292079925
480922820,AE,4.996719326257706,1534.0,RES,135651.71,481677256003009,-94.83725333,29.269978378
480963647,VE,6.040237900390625,3219.0,RES,307978.347,481677261002046,-94.9925572,29.170468906
481097665,AE,12.675980193853379,1152.0,RES,98627.9804,481677237002015,-95.00732458,29.346663102
480974012,AE,14.688685967311859,2023.0,RES,142624.658,481677236002045,-95.02097272,29.34273639
480963644,VE,4.915228353929519,1542.0,RES,193094.014,481677261002046,-94.98584491,29.173682334
480982626,AE,12.321334110517501,881.177,RES,38002.6371,481677211001045,-95.03535332,29.466285103
480987690,AE,11.974252028932572,2592.0,RES,286026.237,481677214003023,-95.04267109,29.536987826
480982853,AE,12.736116745519638,3122.79,RES,413117.622,481677211004037,-95.031185,29.4787435
481110982,AE,8.99893825146675,1662.0,RES,123806.755,481677244002045,-94.78529329,29.300549102
480966853,AE,8.5354941326046,1316.0,RES,106635.713,481677237001019,-94.9834536,29.339054183
480924036,AE,7.463165863695145,1812.0,RES,131975.738,481677253002008,-94.820455,29.290876
480993614,A,15.842046831607819,1581.54,RES,57721.8047,481677211004059,-95.0544366,29.476925787
480899538,AE,12.629111542673112,2741.0,RES,317785.817,481677212021001,-95.01322063,29.507602379
480927801,AE,4.996719326257706,1896.0,RES,136333.06,481677258002032,-94.83759767,29.275697891
481167121,AE,13.580105244922638,1376.0,RES,109367.773,481677211002018,-95.04489537,29.474122824
480932829,AE,4.29526493596077,2208.0,RES,325867.436,481677260002032,-94.91972803,29.227571676
480938084,VE,4.510921509356499,2071.0,RES,334798.918,481677238002069,-94.92810502,29.297903329
481002314,AE,11.570323384447098,1670.0,RES,202968.286,481677211004020,-95.02637539,29.475900002
481143430,AE,4.99999992846489,2901.0,RES,211655.769,481677236002007,-94.94625969,29.330677303
481167397,AE,9.838420420560837,1688.0,RES,211401.468,481677213004001,-95.07613947,29.537843783
480945930,AE,7.376114919862747,1894.0,RES,220811.965,481677261001126,-94.94165754,29.203444043
480977191,AE,9.14209656671524,1422.97,RES,53848.7633,481677211004015,-95.02478238,29.479738343
480913786,VE,7.956499913778305,1350.0,RES,193068.088,481677239002126,-94.696978,29.420762
480919544,AE,6.788806556816101,1272.58,RES,215244.44,481677246002043,-94.8097292,29.298178144
480932933,AE,4.996719326257706,1008.0,RES,154025.557,481677260002032,-94.90448109,29.237760161
481004251,VE,8.209999571218491,1263.0,RES,173693.182,481677261002027,-95.05306845,29.134486318
480892764,AE,5.938769202651978,4651.0,RES,395896.606,481677261002033,-95.03006904,29.15155244
480912670,VE,10.036196773271561,1290.0,RES,188780.063,481677239002030,-94.65149541,29.447309342
481127796,AE,5.057148425664901,1040.0,RES,156830.319,481677261001147,-94.97657666,29.182607447
480967328,AE,10.251310099592208,1361.0,RES,126146.279,481677232002027,-94.99562143,29.353432967
481076138,AE,24.25178376405716,4247.0,RES,420923.1,481677206001052,-95.1762125,29.438393
481109316,AE,18.519955324096678,2680.0,RES,271994.293,481677202002004,-95.19420654,29.533923099
480938259,AE,5.795094626684189,960.0,RES,88727.8233,481677218004007,-94.9263765,29.480967
480928285,VE,5.427401618094445,1830.0,RES,222077.153,481677260001020,-94.87894917,29.265975226
480946993,VE,5.151907689585686,1360.0,RES,222928.066,481677238002058,-94.91581167,29.298309216
480936651,VE,3.842229728298187,1198.0,RES,182943.366,481677238002065,-94.921415,29.2973765
480909869,VE,10.128146718444825,1260.0,RES,186486.303,481677239002025,-94.5789895,29.477726
481150529,AE,5.0395967345285415,810.0,RES,137250.851,481677261002104,-95.04632931,29.142171033
481007823,AE,11.465405126447678,2247.0,RES,264301.607,481677214003031,-95.04035505,29.530481696
481086259,AE,4.772917957801819,1344.0,RES,125328.404,481677242001015,-94.77079779,29.319363537
481123841,AE,7.145836043806076,2346.72,RES,317167.479,481677246002056,-94.81218895,29.295458803
481004369,AE,10.240090815505981,1458.0,RES,187088.612,481677215001007,-95.05891697,29.54757954
481022788,AE,5.00984447283268,1628.0,RES,206406.99,481677261002122,-95.08609578,29.111026398
481078487,AE,28.87297582530975,3358.0,RES,348269.64,481677201001005,-95.20283985,29.550917054
480923214,AE,4.996719326257706,1254.0,RES,173037.74,481677257001013,-94.839597,29.262491
481099440,AE,13.28509979007721,1381.0,RES,116518.635,481677211002021,-95.04175037,29.475583339
481169125,VE,5.126367254924774,1485.0,RES,189075.635,481677218003031,-94.9517513,29.473593763
481140396,VE,8.714256446580887,1272.0,RES,174340.267,481677261002116,-95.0509225,29.1355375
480966130,AE,4.92175866092205,600.0,RES,65449.152,481677237001011,-94.96478505,29.34044985
481101140,AE,10.13269137720108,2072.0,RES,233684.015,481677209002019,-95.068197,29.4490315
480992158,AE,13.870317297210693,1279.35,RES,49972.6647,481677209002028,-95.04622583,29.448766
481164271,AE,4.997248884601593,1060.0,RES,158518.14,481677260001020,-94.87338504,29.253998251
480981419,AE,11.335284741001129,2454.0,RES,186883.53,481677232002026,-94.99952663,29.353636394
481169131,VE,5.068469006361961,2478.0,RES,263090.776,481677218003031,-94.94862761,29.475704774
481086660,AE,7.791768940382004,2508.0,RES,172612.586,481677243003037,-94.7822925,29.306749
481111322,AE,10.352254714479447,1476.0,RES,132415.662,481677248001031,-94.79583904,29.291610714
480925612,AE,4.996719326257706,1938.0,RES,224056.238,481677257002011,-94.84500624,29.261595874
480935261,AE,13.413895888557434,562.0,RES,63979.8775,481677218001024,-94.91425226,29.492948369
480923010,AE,4.996719326257706,1363.0,RES,126241.239,481677258003048,-94.8374325,29.2776175
481013368,AE,10.362229497346878,1609.0,RES,139775.792,481677213004001,-95.07613597,29.538189691
480920034,AE,6.400189344830513,4633.57,RES,708715.497,481677246002024,-94.8119377,29.29803195
480940880,AE,4.935996505789757,1920.0,RES,227267.758,481677238003043,-94.93276705,29.326829722
480972247,AE,12.46105146985054,1526.0,RES,191990.222,481677210001003,-94.98692711,29.472434788
480906412,AO,14.419501370563507,3969.18,RES,492257.831,481677241012034,-94.8148555,29.275053
480959073,AE,4.470328945875168,1184.0,RES,100111.022,481677237001003,-94.95183314,29.336740331
481168726,AE,4.6134203818941115,1405.0,RES,128251.777,481677210001007,-95.01565214,29.46515365
481169975,AE,7.5819942192268375,3000.0,RES,485905.875,481677245001155,-94.79819425,29.300258329
480944914,AE,5.432367889771461,2471.0,RES,262666.296,481677261001018,-94.9375476,29.215869037
481137876,AE,4.996719326257706,2642.0,RES,196624.546,481677258001000,-94.84020389,29.273638167
481169965,AE,7.053607630729675,1225.0,RES,102137.621,481677246002007,-94.80645799,29.299517926
481001184,VE,1.5988116348874568,2167.0,RES,240225.697,481677261002066,-95.055548,29.140162666
480946075,VE,3.906673145904541,1196.0,RES,182805.436,481677238002058,-94.9152725,29.298138
480963158,AE,11.09533614522934,1484.0,RES,114736.196,481677237001032,-94.99535279,29.34546046
480948636,VE,4.997311852765083,1808.0,RES,214223.683,481677261001014,-94.94429242,29.220502524
480999196,AE,13.678681318206786,1648.0,RES,201096.116,481677209002003,-95.05469714,29.448197659
481004233,AE,3.015142900853157,1908.0,RES,221853.521,481677261002027,-95.06311316,29.136707279
480916165,VE,4.927821595520973,2768.0,RES,279089.335,481677239003014,-94.7693995,29.3797495
480987725,AE,11.096117576227188,2548.0,RES,298673.608,481677214003023,-95.044433,29.535481
480921526,AE,9.472680207252502,2108.0,RES,154404.75,481677254003009,-94.8225915,29.284786
480936709,VE,4.979247420868874,5219.0,RES,492366.305,481677238002065,-94.92208806,29.294858776
481117751,AE,14.081916921787261,2280.0,RES,178800.007,481677232002028,-94.99327696,29.355155763
481095635,AE,4.996719326257706,1350.0,RES,179598.222,481677261001152,-94.9790335,29.1859585
480914662,VE,4.927821595520973,648.0,RES,121731.177,481677239003006,-94.75248089,29.388379131
481149314,AE,6.220401940441132,448.0,RES,98397.7881,481677218003024,-94.939954,29.483027
